pdb_id,entity_id,title,resolution,experimental_method,organism_name,ncbi_taxonomy_id,uniprot_ids,sequence,sequence_length,ligands,species_category,species_category_old,bound_ligands,has_ligand
1NR6,1,MICROSOMAL CYTOCHROME P450 2C5/3LVDH COMPLEX WITH DICLOFENAC,2.1,X-ray,Oryctolagus cuniculus,9986,"[""P00179""]",MAKKTSSKGKLPPGPTPFPIIGNILQIDAKDISKSLTKFSECYGPVFTVYLGMKPTVVLHGYEAVKEALVDLGEEFAGRGSVPILEKVSKGLGIAFSNAKTWKEMRRFSLMTLRNFGMGKRSIEDRIQEEARCLVEELRKTNASPCDPTFILGCAPCNVICSVIFHNRFDYKDEEFLKLMESLHENVELLGTPWLQVYNNFPALLDYFPGIHKTLLKNADYIKNFIMEKVKEHQKLLDVNNPRDFIDCFLIKMEQENNLEFTLESLVIAVSDLFGAGTETTSTTLRYSLLLLLKHPEVAARVQEEIERVIGRHRSPCMQDRSRMPYTDAVIHEIQRFIDLLPTNLPHAVTRDVRFRNYFIPKGTDIITSLTSVLHDEKAFPNPKVFDPGHFLDESGNFKKSDYFMPFSAGKRMCVGEGLARMELFLFLTSILQNFKLQSLVEPKDLDITAVVNGFVSVPPSYQLCFIPIHHHH,473,"HEM:PROTOPORPHYRIN IX CONTAINING FE; DIF:2-[2,6-DICHLOROPHENYL)AMINO]BENZENEACETIC ACID",mammals,mammals,"DIF:2-[2,6-DICHLOROPHENYL)AMINO]BENZENEACETIC ACID",True
1R9O,1,Crystal Structure of P4502C9 with Flurbiprofen bound,2.0,X-ray,Homo sapiens,9606,"[""P11712""]",MAKKTSSGRGKLPPGPTPLPVIGNILQIGIKDISKSLTNLSKVYGPVFTLYFGLKPIVVLHGYEAVKEALIDLGEEFSGRGIFPLAERANRGFGIVFSNGKKWKEIRRFSLMTLRNFGMGKRSIEDRVQEEARCLVEELRKTKASPCDPTFILGCAPCNVICSIIFHKRFDYKDQQFLNLMEKLNENIKILSSPWIQICNNFSPIIDYFPGTHNKLLKNVAFMKSYILEKVKEHQESMDMNNPQDFIDCFLMKMEKEKHNQPSEFTIESLENTAVDLFGAGTETTSTTLRYALLLLLKHPEVTAKVQEEIERVIGRNRSPCMQDRSHMPYTDAVVHEVQRYIDLLPTSLPHAVTCDIKFRNYLIPKGTTILISLTSVLHDNKEFPNPEMFDPHHFLDEGGNFKKSKYFMPFSAGKRICVGEALAGMELFLFLTSILQNFNLKSLVDPKNLDTTPVVNGFASVPPFYQLCFIPIHHHH,477,HEM:PROTOPORPHYRIN IX CONTAINING FE; FLP:FLURBIPROFEN; GOL:GLYCEROL,mammals,mammals,FLP:FLURBIPROFEN,True
2NNJ,1,CYP2C8dH complexed with felodipine,2.28,X-ray,Homo sapiens,9606,"[""P10632""]",MAKKTSSKGKLPPGPTPLPIIGNMLQIDVKDICKSFTNFSKVYGPVFTVYFGMNPIVVFHGYEAVKEALIDNGEEFSGRGNSPISQRITKGLGIISSNGKRWKEIRRFSLTTLRNFGMGKRSIEDRVQEEAHCLVEELRKTKASPCDPTFILGCAPCNVICSVVFQKRFDYKDQNFLTLMKRFNENFRILNSPWIQVCNNFPLLIDCFPGTHNKVLKNVALTRSYIREKVKEHQASLDVNNPRDFIDCFLIKMEQEKDNQKSEFNIENLVGTVADLFVAGTETTSTTLRYGLLLLLKHPEVTAKVQEEIDHVIGRHRSPCMQDRSHMPYTDAVVHEIQRYSDLVPTGVPHAVTTDTKFRNYLIPKGTTIMALLTSVLHDDKEFPNPNIFDPGHFLDKNGNFKKSDYFMPFSAGKRICAGEGLARMELFLFLTTILQNFNLKSVDDLKNLNTTAVTKGIVSLPPSYQICFIPVHHHH,476,HEM:PROTOPORPHYRIN IX CONTAINING FE; 225:FELODIPINE; PLM:PALMITIC ACID,mammals,mammals,225:FELODIPINE; PLM:PALMITIC ACID,True
3MVR,1,Crystal Structure of cytochrome P450 2B4-H226Y in a closed conformation,1.76,X-ray,Oryctolagus cuniculus,9986,"[""P00178""]",MAKKTSSKGKLPPGPSPLPVLGNLLQMDRKGLLRSFLRLREKYGDVFTVYLGSRPVVVLCGTDAIREALVDQAEAFSGRGKIAVVDPIFQGYGVIFANGERWRALRRFSLATMRDFGMGKRSVEERIQEEARCLVEELRKSKGALLDNTLLFHSITSNIICSIVFGKRFDYKDPVFLRLLDLFFQSFSLISSFSSQVFELFSGFLKYFPGTHRQIYRNLQEINTFIGQSVEKHRATLDPSNPRDFIDVYLLRMEKDKSDPSSEFHHQNLILTVLSLFFAGTETTSTTLRYGFLLMLKYPHVTERVQKEIEQVIGSHRPPALDDRAKMPYTDAVIHEIQRLGDLIPFGVPHTVTKDTQFRGYVIPKNTEVFPVLSSALHDPRYFETPNTFNPGHFLDANGALKRNEGFMPFSLGKRICLGEGIARTELFLFFTTILQNFSIASPVPPEDIDLTPRESGVGNVPPSYQIRFLARHHHH,476,HEM:PROTOPORPHYRIN IX CONTAINING FE; CM5:5-CYCLOHEXYL-1-PENTYL-BETA-D-MALTOSIDE,mammals,mammals,CM5:5-CYCLOHEXYL-1-PENTYL-BETA-D-MALTOSIDE,True
9YK4,1,Crystal structure of CYP3A4 bound to imidazole and tetraethylene glycol,1.78,X-ray,Homo sapiens,9606,"[""P08684""]",MAYLYGTHSHGLFKKLGIPGPTPLPFLGNILSYHKGFCMFDMECHKKYGKVWGFYDGQQPVLAITDPDMIKTVLVKECYSVFTNRRPFGPVGFMKSAISIAEDEEWKRLRSLLSPTFTSGKLKEMVPIIAQYGDVLVRNLRREAETGKPVTLKDVFGAYSMDVITSTSFGVNIDSLNNPQDPFVENTKKLLRFDFLDPFFLSITVFPFLIPILEVLNICVFPREVTNFLRKSVKRMKESRLEDTQKHRVDFLQLMIDSQNSKETESHKALSDLELVAQSIIFIFAGYETTSSVLSFIMYELATHPDVQQKLQEEIDAVLPNKAPPTYDTVLQMEYLDMVVNETLRLFPIAMRLERVCKKDVEINGMFIPKGVVVMIPSYALHRDPKYWTEPEKFLPERFSKKNKDNIDPYIYTPFGSGPRNCIGMRFALMNMKLALIRVLQNFSFKPSKETQIPLKLSLGGLLQPEKPVVLKVESRDGTVSGAHHHH,487,"HEM:PROTOPORPHYRIN IX CONTAINING FE; PG4:TETRAETHYLENE GLYCOL; GOL:GLYCEROL; EDO:1,2-ETHANEDIOL; IMD:IMIDAZOLE",mammals,mammals,IMD:IMIDAZOLE,True
2FDV,1,Microsomal P450 2A6 with the inhibitor N-Methyl(5-(pyridin-3-yl)furan-2-yl)methanamine bound,1.65,X-ray,Homo sapiens,9606,"[""P11509""]",MAKKTSSKGKLPPGPTPLPFIGNYLQLNTEQMYNSLMKISERYGPVFTIHLGPRRVVVLCGHDAVREALVDQAEEFSGRGEQATFDWVFKGYGVVFSNGERAKQLRRFSIATLRDFGVGKRGIEERIQEEAGFLIDALRGTGGANIDPTFFLSRTVSNVISSIVFGDRFDYKDKEFLSLLRMMLGIFQFTSTSTGQLYEMFSSVMKHLPGPQQQAFQLLQGLEDFIAKKVEHNQRTLDPNSPRDFIDSFLIRMQEEEKNPNTEFYLKNLVMTTLNLFIGGTETVSTTLRYGFLLLMKHPEVEAKVHEEIDRVIGKNRQPKFEDRAKMPYMEAVIHEIQRFGDVIPMSLARRVKKDTKFRDFFLPKGTEVYPMLGSVLRDPSFFSNPQDFNPQHFLNEKGQFKKSDAFVPFSIGKRNCFGEGLARMELFLFFTTVMQNFRLKSSQSPKDIDVSPKHVGFATIPRNYTMSFLPRHHHH,476,"HEM:PROTOPORPHYRIN IX CONTAINING FE; D2G:N-METHYL(5-(PYRIDIN-3-YL)FURAN-2-YL)METHANAMINE; EDO:1,2-ETHANEDIOL",mammals,mammals,D2G:N-METHYL(5-(PYRIDIN-3-YL)FURAN-2-YL)METHANAMINE,True
2HI4,1,Crystal Structure of Human Microsomal P450 1A2 in complex with alpha-naphthoflavone,1.95,X-ray,Homo sapiens,9606,"[""P05177""]",MAVLKGLRPRVPKGLKSPPEPWGWPLLGHVLTLGKNPHLALSRMSQRYGDVLQIRIGSTPVLVLSRLDTIRQALVRQGDDFKGRPDLYTSTLITDGQSLTFSTDSGPVWAARRRLAQNALNTFSIASDPASSSSCYLEEHVSKEAKALISRLQELMAGPGHFDPYNQVVVSVANVIGAMCFGQHFPESSDEMLSLVKNTHEFVETASSGNPLDFFPILRYLPNPALQRFKAFNQRFLWFLQKTVQEHYQDFDKNSVRDITGALFKHSKKGPRASGNLIPQEKIVNLVNDIFGAGFDTVTTAISWSLMYLVTKPEIQRKIQKELDTVIGRERRPRLSDRPQLPYLEAFILETFRHSSFLPFTIPHSTTRDTTLNGFYIPKKCCVFVNQWQVNHDPELWEDPSEFRPERFLTADGTAINKPLSEKMMLFGMGKRRCIGEVLAKWEIFLFLAILLQQLEFSVPPGVKVDLTPIYGLTMKHARCEHVQARRFSINHHHH,495,BHF:2-PHENYL-4H-BENZO[H]CHROMEN-4-ONE; HEM:PROTOPORPHYRIN IX CONTAINING FE,mammals,mammals,BHF:2-PHENYL-4H-BENZO[H]CHROMEN-4-ONE,True
4EJI,1,Human Cytochrome P450 2A13 in complex with two molecules of 4-(methylnitrosamino)-1-(3-puridyl)-1-butanone,2.1,X-ray,Homo sapiens,9606,"[""Q16696""]",MAKKTSSKGKLPPGPTPLPFIGNYLQLNTEQMYNSLMKISERYGPVFTIHLGPRRVVVLCGHDAVKEALVDQAEEFSGRGEQATFDWLFKGYGVAFSNGERAKQLRRFSIATLRGFGVGKRGIEERIQEEAGFLIDALRGTHGANIDPTFFLSRTVSNVISSIVFGDRFDYEDKEFLSLLRMMLGSFQFTATSTGQLYEMFSSVMKHLPGPQQQAFKELQGLEDFIAKKVEHNQRTLDPNSPRDFIDSFLIRMQEEEKNPNTEFYLKNLVMTTLNLFFAGTETVSTTLRYGFLLLMKHPEVEAKVHEEIDRVIGKNRQPKFEDRAKMPYTEAVIHEIQRFGDMLPMGLAHRVNKDTKFRDFFLPKGTEVFPMLGSVLRDPRFFSNPRDFNPQHFLDKKGQFKKSDAFVPFSIGKRYCFGEGLARMELFLFFTTIMQNFRFKSPQSPKDIDVSPKHVGFATIPRNYTMSFLPRHHHH,476,HEM:PROTOPORPHYRIN IX CONTAINING FE; 0QA:4-[methyl(nitroso)amino]-1-(pyridin-3-yl)butan-1-one,mammals,mammals,0QA:4-[methyl(nitroso)amino]-1-(pyridin-3-yl)butan-1-one,True
7N6F,1,Co-complex CYP46A1 with compound 3f,1.4,X-ray,Homo sapiens,9606,"[""Q9Y6A2""]",MHHHHHHSRYEHIPGPPRPSFLLGHLPCFWKKDEVGGRVLQDVFLDWAKKYGPVVRVNVFHKTSVIVTSPESVKKFLMSTKYNKDSKMYRALQTVFGERLFGQGLVSECNYERWHKQRRVIDLAFSRSSLVSLMETFNEKAEQLVEILEAKADGQTPVSMQDMLTYTAMDILAKAAFGMETSMLLGAQKPLSQAVKLMLEGITASRNTLAKFLPGKRKQLREVRESIRFLRQVGRDWVQRRREALKRGEEVPADILTQILKAEEGAQDDEGLLDNFVTFFIAGHETSANHLAFTVMELSRQPEIVARLQAEVDEVIGSKRYLDFEDLGRLQYLSQVLKESLRLYPPAWGTFRLLEEETLIDGVRVPGNTPLLFSTYVMGRMDTYFEDPLTFNPDRFGPGAPKPRFTYFPFSLGHRSCIGQQFAQMEVKVVMAKLLQRLEFRLVPGQRFGLQEQATLKPLDPVLCTLRPRGWQPA,474,"HEM:PROTOPORPHYRIN IX CONTAINING FE; 0I1:(3-fluoroazetidin-1-yl){1-[4-(4-fluorophenyl)pyrimidin-5-yl]piperidin-4-yl}methanone; EDO:1,2-ETHANEDIOL; GOL:GLYCEROL",mammals,mammals,0I1:(3-fluoroazetidin-1-yl){1-[4-(4-fluorophenyl)pyrimidin-5-yl]piperidin-4-yl}methanone,True
3B6H,1,Crystal structure of human prostacyclin synthase in complex with inhibitor minoxidil,1.62,X-ray,Homo sapiens,9606,"[""Q16647""]",MAKKTSSLLSRRRTRRPGEPPLDLGSIPWLGYALDFGKDAASFLTRMKEKHGDIFTILVGGRYVTVLLDPHSYDAVVWEPRTRLDFHAYAIFLMERIFDVQLPHYSPSDEKARMKLTLLHRELQALTEAMYTNLHAVLLGDATEAGSGWHEMGLLDFSYSFLLRAGYLTLYGIEALPRTHESQAQDRVHSADVFHTFRQLDRLLPKLARGSLSVGDKDHMCSVKSRLWKLLSPARLARRAHRSKWLESYLLHLEEMGVSEEMQARALVLQLWATQGNMGPAAFWLLLFLLKNPEALAAVRGELESILWQAEQPVSQTTTLPQKVLDSTPVLDSVLSESLRLTAAPFITREVVVDLAMPMADGREFNLRRGDRLLLFPFLSPQRDPEIYTDPEVFKYNRFLNPDGSEKKDFYKDGKRLKNYNMPWGAGHNHCLGRSYAVNSIKQFVFLVLVHLDLELINADVEIPEFDLSRYGFGLMQPEHDVPVRYRIRPHHHHHHHH,498,"BOG:octyl beta-D-glucopyranoside; MXD:6-PIPERIDIN-1-YLPYRIMIDINE-2,4-DIAMINE 3-OXIDE; HEM:PROTOPORPHYRIN IX CONTAINING FE",mammals,mammals,"BOG:octyl beta-D-glucopyranoside; MXD:6-PIPERIDIN-1-YLPYRIMIDINE-2,4-DIAMINE 3-OXIDE",True
3CZH,1,Crystal structure of CYP2R1 in complex with vitamin D2,2.3,X-ray,Homo sapiens,9606,"[""Q6VVX0""]",MAKKTKQRRPMGFPPGPPGLPFIGNIYSLAASSELPHVYMRKQSQVYGEIFSLDLGGISTVVLNGYDVVKECLVHQSEIFADRPCLPLFMKMTKMGGLLNSRYGRGWVDHRRLAVNSFRYFGYGQKSFESKILEETKFFNDAIETYKGRPFDFKQLITNAVSNITNLIIFGERFTYEDTDFQHMIELFSENVELAASASVFLYNAFPWIGILPFGKHQQLFRNAAVVYDFLSRLIEKASVNRKPQLPQHFVDAYLDEMDQGKNDPSSTFSKENLIFSVGELIIAGTETTTNVLRWAILFMALYPNIQGQVQKEIDLIMGPNGKPSWDDKCKMPYTEAVLHEVLRFCNIVPLGIFHATSEDAVVRGYSIPKGTTVITNLYSVHFDEKYWRDPEVFHPERFLDSSGYFAKKEALVPFSLGRRHCLGEHLARMEMFLFFTALLQRFHLHFPHELVPDLKPRLGMTLQPQPYLICAERRHHHHHH,481,"UNX:UNKNOWN ATOM OR ION; HEM:PROTOPORPHYRIN IX CONTAINING FE; D2V:(3S,5Z,7E,22E)-9,10-secoergosta-5,7,10,22-tetraen-3-ol",mammals,mammals,"UNX:UNKNOWN ATOM OR ION; D2V:(3S,5Z,7E,22E)-9,10-secoergosta-5,7,10,22-tetraen-3-ol",True
3V8D,1,Crystal structure of human CYP7A1 in complex with 7-ketocholesterol,1.9,X-ray,Homo sapiens,9606,"[""P22680""]",MAKKTSSRRRQTGEPPLENGLIPYLGCALQFGANPLEFLRANQRKHGHVFTCKLMGKYVHFITNPLSYHKVLCHGKYFDWKKFHFALSAKAFGHRSIDPMDGNTTENINDTFIKTLQGHALNSLTESMMENLQRIMRPPVSSNSKTAAWVTEGMYSFCYRVMFEAGYLTIFGRDLTRRDTQKAHILNNLDNFKQFDKVFPALVAGLPIHMFRTAHNAREKLAESLRHENLQKRESISELISLRMFLNDTLSTFDDLEKAKTHLVVLWASQANTIPATFWSLFQMIRNPEAMKAATEEVKRTLENAGQKVSLEGNPICLSQAELNDLPVLDSIIKESLRLSSASLNIRTAKEDFTLHLEDGSYNIRKDDIIALYPQLMHLDPEIYPDPLTFKYDRYLDENGKTKTTFYCNGLKLKYYYMPFGSGATICPGRLFAIHEIKQFLILMLSYFELELIEGQAKCPPLDQSRAGLGILPPLNDIEFKYKFKHHHHHH,491,"HEM:PROTOPORPHYRIN IX CONTAINING FE; 0GV:(3beta,8alpha,9beta)-3-hydroxycholest-5-en-7-one; UNX:UNKNOWN ATOM OR ION",mammals,mammals,"0GV:(3beta,8alpha,9beta)-3-hydroxycholest-5-en-7-one; UNX:UNKNOWN ATOM OR ION",True
3E6I,1,Human cytochrome P450 2E1 in complex with the inhibitor indazole,2.2,X-ray,Homo sapiens,9606,"[""P05181""]",MAKKTSSKGKLPPGPFPLPIIGNLFQLELKNIPKSFTRLAQRFGPVFTLYVGSQRMVVMHGYKAVKEALLDYKDEFSGRGDLPAFHAHRDRGIIFNNGPTWKDIRRFSLTTLRNYGMGKQGNESRIQREAHFLLEALRKTQGQPFDPTFLIGCAPCNVIADILFRKHFDYNDEKFLRLMYLFNENFHLLSTPWLQLYNNFPSFLHYLPGSHRKVIKNVAEVKEYVSERVKEHHQSLDPNCPRDLTDCLLVEMEKEKHSAERLYTMDGITVTVADLFFAGTETTSTTLRYGLLILMKYPEIEEKLHEEIDRVIGPSRIPAIKDRQEMPYMDAVVHEIQRFITLVPSNLPHEATRDTIFRGYLIPKGTVVVPTLDSVLYDNQEFPDPEKFKPEHFLNENGKFKYSDYFKPFSTGKRVCAGEGLARMELFLLLCAILQHFNLKPLVDPKDIDLSPIHIGFGCIPPRYKLCVIPRSHHHH,476,HEM:PROTOPORPHYRIN IX CONTAINING FE; LZ1:1H-indazole,mammals,mammals,LZ1:1H-indazole,True
3S79,1,Human placental aromatase cytochrome P450 (CYP19A1) refined at 2.75 angstrom,2.75,X-ray,Homo sapiens,9606,"[""P11511""]",MVLEMLNPIHYNITSIVPEAMPAATMPVLLLTGLFLLVWNYEGTSSIPGPGYCMGIGPLISHGRFLWMGIGSACNYYNRVYGEFMRVWISGEETLIISKSSSMFHIMKHNHYSSRFGSKLGLQCIGMHEKGIIFNNNPELWKTTRPFFMKALSGPGLVRMVTVCAESLKTHLDRLEEVTNESGYVDVLTLLRRVMLDTSNTLFLRIPLDESAIVVKIQGYFDAWQALLIKPDIFFKISWLYKKYEKSVKDLKDAIEVLIAEKRRRISTEEKLEECMDFATELILAEKRGDLTRENVNQCILEMLIAAPDTMSVSLFFMLFLIAKHPNVEEAIIKEIQTVIGERDIKIDDIQKLKVMENFIYESMRYQPVVDLVMRKALEDDVIDGYPVKKGTNIILNIGRMHRLEFFPKPNEFTLENFAKNVPYRYFQPFGFGPRGCAGKYIAMVMMKAILVTLLRRFHVKTLQGQCVESIQKIHDLSLHPDETKNMLEMIFTPRNSDRCLEH,503,HEM:PROTOPORPHYRIN IX CONTAINING FE; ASD:4-ANDROSTENE-3-17-DIONE,mammals,mammals,ASD:4-ANDROSTENE-3-17-DIONE,True
5UFG,1,Crystal Structure of CYP2B6 (Y226H/K262R/I114V) in complex with myrtenyl bromide,1.76,X-ray,Homo sapiens,9606,"[""P20813""]",MAKKTSSKGKLPPGPRPLPLLGNLLQMDRRGLLKSFLRFREKYGDVFTVHLGPRPVVMLCGVEAIREALVDKAEAFSGRGKIAMVDPFFRGYGVVFANGNRWKVLRRFSVTTMRDFGMGKRSVEERIQEEAQCLIEELRKSKGALMDPTFLFQSITANIICSIVFGKRFHYQDQEFLKMLNLFYQTFSLISSVFGQLFELFSGFLKHFPGAHRQVYKNLQEINAYIGHSVEKHRETLDPSAPRDLIDTYLLHMEKEKSNAHSEFSHQNLNLNTLSLFFAGTETTSTTLRYGFLLMLKYPHVAERVYREIEQVIGPHRPPELHDRAKMPYTEAVIYEIQRFSDLLPMGVPHIVTQHTSFRGYIIPKDTEVFLILSTALHDPHYFEKPDAFNPDHFLDANGALKKTEAFIPFSLGKRICLGEGIARAELFLFFTTILQNFSMASPVAPEDIDLTPQECGVGKIPPTYQIRFLPRHHHH,476,"HEM:PROTOPORPHYRIN IX CONTAINING FE; CM5:5-CYCLOHEXYL-1-PENTYL-BETA-D-MALTOSIDE; 85D:(1S,5R)-2-(bromomethyl)-6,6-dimethylbicyclo[3.1.1]hept-2-ene",mammals,mammals,"CM5:5-CYCLOHEXYL-1-PENTYL-BETA-D-MALTOSIDE; 85D:(1S,5R)-2-(bromomethyl)-6,6-dimethylbicyclo[3.1.1]hept-2-ene",True
6UEZ,1,Human sterol 14a-demethylase (CYP51) in complex with the substrate lanosterol,1.98,X-ray,Homo sapiens,9606,"[""Q16850""]",MAKKTSSKGKLPPYIFSPIPFLGHAIAFGKSPIEFLENAYEKYGPVFSFTMVGKTFTYLLGSDAAALLFNSKNEDLNAEDVYSRLTTPVFGKGVAYDVPNPVFLEQKKMLKSGLNIAHFKQHVSIIEKETKEYFESWGESGEKNVFEALSELIILTASHCLHGKEIRSQLNEKVAQLYADLAGGFSHAAWLLPGWLPLPSFRRRDRAHREIKDIFYKAIQKRRQSQEKIDDILQTLLDATYKDGRPLTDDEVAGMLIGLLLAGQATSSTTSAWMGFFLARDKTLQKKCYLEQKTVCGENLPPLTYDQLKDLNLLDRCIKETLRLRPPIMIMMRMARTPQTVAGYTIPPGHQVCVSPTVNQRLKDSWVERLDFNPDRYLQDNPASGEKFAYVPFGAGRHRCIGENFAYVQIKTIWSTMLRLYEFDLIDGYFPTVNYTTMIHTPENPVIRYKRRSK,454,HEM:PROTOPORPHYRIN IX CONTAINING FE; LAN:LANOSTEROL,mammals,mammals,LAN:LANOSTEROL,True
3K9V,1,Crystal structure of rat mitochondrial P450 24A1 S57D in complex with CHAPS,2.5,X-ray,Rattus norvegicus,10116,"[""Q09128""]",MASRAPKEVPLCPLMTDGETRNVTDLPGPTNWPLLGSLLEIFWKGGLKKQHDTLAEYHKKYGQIFRMKLGSFDSVHLGSPSLLEALYRTESAHPQRLEIKPWKAYRDHRNEAYGLMILEGQEWQRVRSAFQKKLMKPVEIMKLDKKINEVLADFLERMDELCDERGRIPDLYSELNKWSFESICLVLYEKRFGLLQKETEEEALTFITAIKTMMSTFGKMMVTPVELHKRLNTKVWQAHTLAWDTIFKSVKPCIDNRLQRYSQQPGADFLCDIYQQDHLSKKELYAAVTELQLAAVETTANSLMWILYNLSRNPQAQRRLLQEVQSVLPDNQTPRAEDLRNMPYLKACLKESMRLTPSVPFTTRTLDKPTVLGEYALPKGTVLTLNTQVLGSSEDNFEDSHKFRPERWLQKEKKINPFAHLPFGIGKRMCIGRRLAELQLHLALCWIIQKYDIVATDNEPVEMLHLGILVPSRELPIAFRPR,482,HEM:PROTOPORPHYRIN IX CONTAINING FE; CPS:3-[(3-CHOLAMIDOPROPYL)DIMETHYLAMMONIO]-1-PROPANESULFONATE,mammals,mammals,CPS:3-[(3-CHOLAMIDOPROPYL)DIMETHYLAMMONIO]-1-PROPANESULFONATE,True
3MZS,1,Crystal Structure of Cytochrome P450 CYP11A1 in complex with 22-hydroxy-cholesterol,2.5,X-ray,Bos taurus,9913,"[""P00189""]",MASTKTPRPYSEIPSPGDNGWLNLYHFWREKGSQRIHFRHIENFQKYGPIYREKLGNLESVYIIHPEDVAHLFKFEGSYPERYDIPPWLAYHRYYQKPIGVLFKKSGTWKKDRVVLNTEVMAPEAIKNFIPLLNPVSQDFVSLLHKRIKQQGSGKFVGDIKEDLFHFAFESITNVMFGERLGMLEETVNPEAQKFIDAVYKMFHTSVPLLNVPPELYRLFRTKTWRDHVAAWDTIFNKAEKYTEIFYQDLRRKTEFRNYPGILYCLLKSEKMLLEDVKANITEMLAGGVNTTSMTLQWHLYEMARSLNVQEMLREEVLNARRQAEGDISKMLQMVPLLKASIKETLRLHPISVTLQRYPESDLVLQDYLIPAKTLVQVAIYAMGRDPAFFSSPDKFDPTRWLSKDKDLIHFRNLGFGWGVRQCVGRRIAELEMTLFLIHILENFKVEMQHIGDVDTIFNLILTPDKPIFLVFRPFNQDPPQAHHHH,486,"HC9:(3alpha,8alpha,22R)-cholest-5-ene-3,22-diol; IPA:ISOPROPYL ALCOHOL; HEM:PROTOPORPHYRIN IX CONTAINING FE",mammals,mammals,"HC9:(3alpha,8alpha,22R)-cholest-5-ene-3,22-diol",True
3N9Y,1,Crystal structure of human CYP11A1 in complex with cholesterol,2.1,X-ray,Homo sapiens,9606,"[""P05108""]",STRSPRPFNEIPSPGDNGWLNLYHFWRETGTHKVHLHHVQNFQKYGPIYREKLGNVESVYVIDPEDVALLFKSEGPNPERFLIPPWVAYHQYYQRPIGVLLKKSAAWKKDRVALNQEVMAPEATKNFLPLLDAVSRDFVSVLHRRIKKAGSGNYSGDISDDLFRFAFESITNVIFGERQGMLEEVVNPEAQRFIDAIYQMFHTSVPMLNLPPDLFRLFRTKTWKDHVAAWDVIFSKADIYTQNFYWELRQKGSVHHDYRGILYRLLGDSKMSFEDIKANVTEMLAGGVDTTSMTLQWHLYEMARNLKVQDMLRAEVLAARHQAQGDMATMLQLVPLLKASIKETLRLHPISVTLQRYLVNDLVLRDYMIPAKTLVQVAIYALGREPTFFFDPENFDPTRWLSKDKNITYFRNLGFGWGVRQCLGRRIAELEMTIFLINMLENFRVEIQHLSDVGTTFNLILMPEKPISFTFWPFNQEATQQHHHHHH,487,HEM:PROTOPORPHYRIN IX CONTAINING FE; CLR:CHOLESTEROL; FES:FE2/S2 (INORGANIC) CLUSTER,mammals,mammals,CLR:CHOLESTEROL; FES:FE2/S2 (INORGANIC) CLUSTER,True
3PM0,1,Structural Characterization of the Complex between Alpha-Naphthoflavone and Human Cytochrome P450 1B1 (CYP1B1),2.7,X-ray,Homo sapiens,9606,"[""Q16678""]",MAKKTSSKGKPPGPFAWPLIGNAAAVGQAAHLSFARLARRYGDVFQIRLGSCPIVVLNGERAIHQALVQQGSAFADRPSFASFRVVSGGRSMAFGHYSEHWKVQRRAAHSMMRNFFTRQPRSRQVLEGHVLSEARELVALLVRGSADGAFLDPRPLTVVAVANVMSAVCFGCRYSHDDPEFRELLSHNEEFGRTVGAGSLVDVMPWLQYFPNPVRTVFREFEQLNRNFSNFILDKFLRHCESLRPGAAPRDMMDAFILSAEKKAAGDSHGGGARLDLENVPATITDIFGASQDTLSTALQWLLLLFTRYPDVQTRVQAELDQVVGRDRLPCMGDQPNLPYVLAFLYEAMRFSSFVPVTIPHATTANTSVLGYHIPKDTVVFVNQWSVNHDPLKWPNPENFDPARFLDKDGLINKDLTSRVMIFSVGKRRCIGEELSKMQLFLFISILAHQCDFRANPNEPAKMNFSYGLTIKPKSFKVNVTLRESMELLDSAVQNLQAKETCQHHHH,507,HEM:PROTOPORPHYRIN IX CONTAINING FE; BHF:2-PHENYL-4H-BENZO[H]CHROMEN-4-ONE,mammals,mammals,BHF:2-PHENYL-4H-BENZO[H]CHROMEN-4-ONE,True
3TBG,1,Human cytochrome P450 2D6 with two thioridazines bound in active site,2.1,X-ray,Homo sapiens,9606,"[""P10635""]",MAKKTSSKGKLPPGPLPLPGLGNLLHVDFQNTPYCFDQLRRRFGDVFSLQLAWTPVVVLNGLAAVREALVTHGEDTADRPPVPITQILGFGPRSQGVFLARYGPAWREQRRFSVSTLRNLGLGKKSLEQWVTEEAACLCAAFANHSGRPFRPNGLLDKAVSNVIASLTCGRRFEYDDPRFLRLLDLAQEGLKEESGFLREVLNAVPVLLHIPALAGKVLRFQKAFLTQLDELLTEHRMTWDPAQPPRDLTEAFLAEMEKAKGNPESSFNDENLRIVVADLFSAGMVTTSTTLAWGLLLMILHPDVQRRVQQEIDDVIGQVRRPEMGDQAHMPYTTAVIHEVQRFGDIVPLGVTHMTSRDIEVQGFRIPKGTTLITNLSSVLKDEAVWEKPFRFHPEHFLDAQGHFVKPEAFLPFSAGRRACLGEPLARMELFLFFTSLLQHFSFSVPTGQPRPSHHGVFAFLVSPSPYELCAVPRHHHH,479,RTZ:10-{2-[(2R)-1-methylpiperidin-2-yl]ethyl}-2-(methylsulfanyl)-10H-phenothiazine; GOL:GLYCEROL; HEM:PROTOPORPHYRIN IX CONTAINING FE,mammals,mammals,RTZ:10-{2-[(2R)-1-methylpiperidin-2-yl]ethyl}-2-(methylsulfanyl)-10H-phenothiazine,True
3QZ1,1,Crystal Structure of Bovine Steroid of 21-hydroxylase (P450c21),3.0,X-ray,Bos taurus,9913,"[""P00191""]",MVLAGLLLLLTLLAGAHLLWGRWKLRNLHLPPLVPGFLHLLQPNLPIHLLSLTQKLGPVYRLRLGLQEVVVLNSKRTIEEAMIRKWVDFAGRPQIPSYKLVSQRCQDISLGDYSLLWKAHKKLTRSALLLGTRSSMEPWVDQLTQEFCERMRVQAGAPVTIQKEFSLLTCSIICYLTFGNKEDTLVHAFHDCVQDLMKTWDHWSIQILDMVPFLRFFPNPGLWRLKQAIENRDHMVEKQLRRHKESMVAGQWRDMTDYMLQGVGRQRVEEGPGQLLEGHVHMSVVDLFIGGTETTASTLSWAVAFLLHHPEIQRRLQEELDRELGPGASCSRVTYKDRARLPLLNATIAEVLRLRPVVPLALPHRTTRPSSIFGYDIPEGMVVIPNLQGAHLDETVWEQPHEFRPDRFLEPGANPSALAFGCGARVCLGESLARLELFVVLARLLQAFTLLPPPVGALPSLQPDPYCGVNLKVQPFQVRLQPRGVEAGAWESASAQ,496,"HEM:PROTOPORPHYRIN IX CONTAINING FE; 3QZ:(9beta)-17-hydroxypregn-4-ene-3,20-dione",mammals,mammals,"3QZ:(9beta)-17-hydroxypregn-4-ene-3,20-dione",True
6WR1,1,Human steroidogenic cytochrome P450 17A1 mutant N52Y with inhibitor abiraterone,1.85,X-ray,Homo sapiens,9606,"[""P05093""]",MAKKTGAKYPKSLLSLPLVGSLPFLPRHGHMHNYFFKLQKKYGPIYSVRMGTKTTVIVGHHQLAKEVLIKKGKDFSGRPQMATLDIASNNRKGIAFADSGAHWQLHRRLAMATFALFKDGDQKLEKIICQEISTLCDMLATHNGQSIDISFPVFVAVTNVISLICFNTSYKNGDPELNVIQNYNEGIIDNLSKDSLVDLVPWLKIFPNKTLEKLKSHVKIRNDLLNKILENYKEKFRSDSITNMLDTLMQAKMNSDNGNAGPDQDSELLSDNHILTTIGDIFGAGVETTTSVVKWTLAFLLHNPQVKKKLYEEIDQNVGFSRTPTISDRNRLLLLEATIREVLRLRPVAPMLIPHKANVDSSIGEFAVDKGTEVIINLWALHHNEKEWHQPDQFMPERFLNPAGTQLISPSVSYLPFGAGPRSCIGEILARQELFLIMAWLLQRFDLEVPDDGQLPSLEGIPKVVFLIDSFKVKIKVRQAWREAQAEGSTHHHH,494,HEM:PROTOPORPHYRIN IX CONTAINING FE; AER:Abiraterone,mammals,mammals,AER:Abiraterone,True
4DVQ,1,"Structure of human aldosterone synthase, CYP11B2, in complex with deoxycorticosterone",2.49,X-ray,Homo sapiens,9606,"[""P19099""]",MAKKTSSTVLPFEAMPQHPGNRWLRLLQIWREQGYEHLHLEMHQTFQELGPIFRYNLGGPRMVCVMLPEDVEKLQQVDSLHPCRMILEPWVAYRQHRGHKCGVFLLNGPEWRFNRLRLNPDVLSPKAVQRFLPMVDAVARDFSQALKKKVLQNARGSLTLDVQPSIFHYTIEASNLALFGERLGLVGHSPSSASLNFLHALEVMFKSTVQLMFMPRSLSRWISPKVWKEHFEAWDCIFQYGDNCIQKIYQELAFNRPQHYTGIVAELLLKAELSLEAIKANSMELTAGSVDTTAFPLLMTLFELARNPDVQQILRQESLAAAASISEHPQKATTELPLLRAALKETLRLYPVGLFLERVVSSDLVLQNYHIPAGTLVQVFLYSLGRNAALFPRPERYNPQRWLDIRGSGRNFHHVPFGFGMRQCLGRRLAEAEMLLLLHHVLKHFLVETLTQEDIKMVYSFILRPGTSPLLTFRAINHHHHHH,483,HEM:PROTOPORPHYRIN IX CONTAINING FE; 1CA:DESOXYCORTICOSTERONE,mammals,mammals,1CA:DESOXYCORTICOSTERONE,True
4GQS,1,Structure of Human Microsomal Cytochrome P450 (CYP) 2C19,2.87,X-ray,Homo sapiens,9606,"[""P33261""]",MAKKTSSGRGKLPPGPTPLPVIGNILQIDIKDVSKSLTNLSKIYGPVFTLYFGLERMVVLHGYEVVKEALIDLGEEFSGRGHFPLAERANRGFGIVFSNGKRWKEIRRFSLMTLRNFGMGKRSIEDRVQEEARCLVEELRKTKASPCDPTFILGCAPCNVICSIIFQKRFDYKDQQFLNLMEKLNENIRIVSTPWIQICNNFPTIIDYFPGTHNKLLKNLAFMESDILEKVKEHQESMDINNPRDFIDCFLIKMEKEKQNQQSEFTIENLVITAADLLGAGTETTSTTLRYALLLLLKHPEVTAKVQEEIERVVGRNRSPCMQDRGHMPYTDAVVHEVQRYIDLIPTSLPHAVTCDVKFRNYLIPKGTTILTSLTSVLHDNKEFPNPEMFDPRHFLDEGGNFKKSNYFMPFSAGKRICVGEGLARMELFLFLTFILQNFNLKSLIDPKDLDTTPVVNGFASVPPFYQLCFIPIHHHH,477,"HEM:PROTOPORPHYRIN IX CONTAINING FE; 0XV:(4-hydroxy-3,5-dimethylphenyl)(2-methyl-1-benzofuran-3-yl)methanone; GOL:GLYCEROL",mammals,mammals,"0XV:(4-hydroxy-3,5-dimethylphenyl)(2-methyl-1-benzofuran-3-yl)methanone",True
4I8V,1,Human Cytochrome P450 1A1 in complex with alpha-naphthoflavone,2.6,X-ray,Homo sapiens,9606,"[""P04798""]",MAKKTSSKGLKNPPGPWGWPLIGHMLTLGKNPHLALSRMSQQYGDVLQIRIGSTPVVVLSGLDTIRQALVRQGDDFKGRPDLYTFTLISNGQSMSFSPDSGPVWAARRRLAQNGLKSFSIASDPASSTSCYLEEHVSKEAEVLISTLQELMAGPGHFNPYRYVVVSVTNVICAICFGRRYDHNHQELLSLVNLNNNFGEVVGSGNPADFIPILRYLPNPSLNAFKDLNEKFYSFMQKMVKEHYKTFEKGHIRDITDSLIEHCQEKQLDENANVQLSDEKIINIVLDLFGAGFDTVTTAISWSLMYLVMNPRVQRKIQEELDTVIGRSRRPRLSDRSHLPYMEAFILETFRHSSFVPFTIPHSTTRDTSLKGFYIPKGRCVFVNQWQINHDQKLWVNPSEFLPERFLTPDGAIDKVLSEKVIIFGMGKRKCIGETIARWEVFLFLAILLQRVEFSVPLGVKVDMTPIYGLTMKHACCEHFQMQLRSHHHHHH,491,HEM:PROTOPORPHYRIN IX CONTAINING FE; BHF:2-PHENYL-4H-BENZO[H]CHROMEN-4-ONE; NO3:NITRATE ION,mammals,mammals,BHF:2-PHENYL-4H-BENZO[H]CHROMEN-4-ONE,True
4Y8W,1,Crystal Structure of Human Cytochrome P450 21A2 Progesterone Complex,2.64,X-ray,Homo sapiens,9606,"[""P08686""]",MAKKTSSKGKLPPLAPGFLHLLQPDLPIYLLGLTQKFGPIYRLHLGLQDVVVLNSKRTIEEAMVKKWADFAGRPEPLTYKLVSRNYPDLSLGDYSLLWKAHKKLTRSALLLGIRDSMEPVVEQLTQEFCERMRAQPGTPVAIEEEFSLLTCSIICYLTFGDKIKDDNLMPAYYKCIQEVLKTWSHWSIQIVDVIPFLRFFPNPGLRRLKQAIEKRDHIVEMQLRQHKESLVAGQWRDMMDYMLQGVAQPSMEEGSGQLLEGHVHMAAVDLLIGGTETTANTLSWAVVFLLHHPEIQQRLQEELDHELGPGASSSRVPYKDRARLPLLNATIAEVLRLRPVVPLALPHRTTRPSSISGYDIPEGTVIIPNLQGAHLDETVWERPHEFWPDRFLEPGKNSRALAFGCGARVCLGEPLARLELFVVLTRLLQAFTLLPSGDALPSLQPLPHCSVILKMQPFQVRLQPRGMGAHSPGQSQHHHHHH,482,HEM:PROTOPORPHYRIN IX CONTAINING FE; STR:PROGESTERONE,mammals,mammals,STR:PROGESTERONE,True
6C93,1,Effects of the E310A Mutation of Cytochrome P450 4B1 (CYP4B1) on n-Octane binding and Heme Ruffling,2.674,X-ray,Oryctolagus cuniculus,9986,"[""P15128""]",MAGFLKLLRLLLRRQRLARAMDSFPGPPTHWLFGHALEIQKTGSLDKVVTWTQQFPYAHPLWVGQFIGFLNIYEPDYAKAVYSRGDPKAPDVYDFFLQWIGKGLLVLDGPKWFQHRKLLTPGFHYDVLKPYVAIFADSTRIMLEKWEKKACEGKSFDIFSDVGHMALDTLMKCTFGKGDSGLNHRDSSYYVAVSELTLLMQQRIDSFQYHNDFIYWLTPHGRRFLRACRAAHDHTDRVIRQRKAALQDEKEREKIQNRRHLDFLDILLDVRGESGVQLSDTDLRAEVDTFMFAGHDTTTSGISWFLYCMALYPEHQQRCREEVREILGDQDSFQWEDLAKMTYLTMCMKECFRLYPPVPQVYRQLSKPVSFVDGRSLPAGSLISLHIYALHRNSDVWPDPEVFDPLRFSPENSSGRHPYAFIPFSAGPRNCIGQQFAMNEMKVVTALCLLRFEFSVDPLRLPIKLPQLVLRSKNGIHLYLKPLGPKAEKSTHHHHHH,497,HEM:PROTOPORPHYRIN IX CONTAINING FE; OCT:N-OCTANE,mammals,mammals,OCT:N-OCTANE,True
9MS2,1,Crystal structure of human CYP3A5 in complex with SJYHJ-111,2.25,X-ray,Homo sapiens,9606,"[""P20815""]",MALYGTRTHGLFKRLGIPGPTPLPLLGNVLSYRQGLWKFDTECYKKYGKMWGTYEGQLPVLAITDPDVIRTVLVKECYSVFTNRRSLGPVGFMKSAISLAEDEEWKRIRSLLSPTFTSGKLKEMFPIIAQYGDVLVRNLRREAEKGKPVTLKDIFGAYSMDVITGTSFGVNIDSLNNPQDPFVESTKKFLKFGFLDPLFLSIILFPFLTPVFEALNVSLFPKDTINFLSKSVNRMKKSRLNDKQKHRLDFLQLMIDSQNSKETESHKALSDLELAAQSIIFIFAGYETTSSVLSFTLYELATHPDVQQKLQKEIDAVLPNKAPPTYDAVVQMEYLDMVVNETLRLFPVAIRLERTCKKDVEINGVFIPKGSMVVIPTYALHHDPKYWTEPEEFRPERFSKKKDSIDPYIYTPFGTGPRNCIGMRFALMNMKLALIRVLQNFSFKPCKETQIPLKLDTQGLLQPEKPIVLKVDSRDGHHHH,480,"HEM:PROTOPORPHYRIN IX CONTAINING FE; EDO:1,2-ETHANEDIOL; PEG:DI(HYDROXYETHYL)ETHER; A1BNX:N'-(2-chlorophenyl)-N-[(3-hydroxyphenyl)methyl]-N-[(2P)-2-(1H-imidazol-1-yl)-5-(trifluoromethyl)phenyl]urea",mammals,mammals,A1BNX:N'-(2-chlorophenyl)-N-[(3-hydroxyphenyl)methyl]-N-[(2P)-2-(1H-imidazol-1-yl)-5-(trifluoromethyl)phenyl]urea,True
7E7F,1,Human CYP11B1 mutant in complex with metyrapone,1.4,X-ray,Homo sapiens,9606,"[""P15538""]",MATKAARVPRTVLPFEAMPRRPGNRRNRLNQIRREQGYEDLHLEVHQTFQELGPIFRYDLGGAGMVCVMLPEDVEKLQQVDSLHPHRMSLEPWVAYRQHRGHKCGVFLLNGPEWRFNRLRLNPEVLSPNAVQRFLPMVDAVARDFSQALKKKVLQNARGSLTLDVQPSIFHYTIEASNLALFGERLGLVGHSPSSASLNFLHALEVMFKSTVQLMFMPRSNSRNTSPKVWKEHFEAWDCIFQYGDNCIQKIYQELAFSRPQQYTSIVAELLLNAELSPDAIKANSMELTAGSVDTTVFPLLMTLFELARNPNVQQALRQESLAAAASISEHPQKATTELPLLRAALKETLRLYPVGLFLERVASSDLVLQNYHIPAGTLVRVFLYSLGRNPALFPRPERYNPQRWLDIRGSGRNFYHVPFGFGMRQCLGRRLAEAEMLLLLHHVLKHLQVETLTQEDIKMVYSFILRPSMFPLLTFRAINHHHHHH,486,HEM:PROTOPORPHYRIN IX CONTAINING FE; MYT:METYRAPONE; CHD:CHOLIC ACID; GOL:GLYCEROL,mammals,mammals,MYT:METYRAPONE; CHD:CHOLIC ACID,True
7LYX,1,Crystal structure of human CYP8B1 in complex with (S)-tioconazole,2.6,X-ray,Homo sapiens,9606,"[""Q9UNU6""]",MAKKTSSRQRRPWEPPLDKGTVPWLGHAMAFRKNMFEFLKRMRTKHGDVFTVQLGGQYFTFVMDPLSFGSILKDTQRKLDFGQYAKKLVLKVFGYRSVQGDHEMIHSASTKHLRGDGLKDLNETMLDSLSFVMLTSKGWSLDASCWHEDSLFRFCYYILFTAGYLSLFGYTKDKEQDLLQAGELFMEFRKFDLLFPRFVYSLLWPREWLEVGRLQRLFHKMLSVSHSQEKEGISNWLGNMLQFLREQGVPSAMQDKFNFMMLWASQGNTGPTSFWALLYLLKHPEAIRAVREEATQVLGEARLETKQSFAFKLGALQHTPVLDSVVEETLRLRAAPTLLRLVHEDYTLKMSSGQEYLFRHGDILALFPYLSVHMDPDIHPEPTVFKYDRFLNPNGSRKVDFFKTGKKIHHYTMPWGSGVSICPGRFFALSEVKLFILLMVTHFDLELVDPDTPLPHVDPQRWGFGTMQPSHDVRFRYRLHPTEHHHHHH,489,YHM:(S)-Tioconazole; GOL:GLYCEROL; K:POTASSIUM ION; HEM:PROTOPORPHYRIN IX CONTAINING FE,mammals,mammals,YHM:(S)-Tioconazole,True
7M8I,1,Human CYP11B2 and human adrenodoxin in complex with fadrozole,2.94,X-ray,Homo sapiens,9606,"[""P10109"", ""P19099""]",MSSSEDKITVHFINRDGETLTTKGKVGDSLLDVVVENNLDIDGFGACEGTLACSTCHLIFEDHIYEKLDAITDEENDMLDLAYGLTDRSRLGCQICLTKSMDNMTVRVPETVADARQSIDVGKTSAAKKTSSAPRTVLPFEAMPQHPGNRWLRLLQIWREQGYEHLHLEMHQTFQELGPIFRYNLGGPRMVCVMLPEDVEKLQQVDSLHPCRMILEPWVAYRQHRGHKCGVFLLNGPEWRFNRLRLNPDVLSPKAVQRFLPMVDAVARDFSQALKKKVLQNARGSLTLDVQPSIFHYTIEASNLALFGERLGLVGHSPSSASLNFLHALEVMFKSTVQLMFMPRSLSRWISPKVWKEHFEAWDCIFQYGDNCIQKIYQELAFNRPQHYTGIVAELLLKAELSLEAIKANSMELTAGSVDTTAFPLLMTLFELARNPDVQQILRQESLAAAASISEHPQKATTELPLLRAALKETLRLYPVGLFLERVVSSDLVLQNYHIPAGTLVQVFLYSLGRNAALFPRPERYNPQRWLDIRGSGRNFHHVPFGFGMRQCLGRRLAEAEMLLLLHHVLKHFLVETLTQEDIKMVYSFILRPGTSPLLTFRAINHHHH,609,"FES:FE2/S2 (INORGANIC) CLUSTER; HEM:PROTOPORPHYRIN IX CONTAINING FE; 0T3:4-[(5R)-5,6,7,8-tetrahydroimidazo[1,5-a]pyridin-5-yl]benzonitrile",mammals,mammals,"FES:FE2/S2 (INORGANIC) CLUSTER; 0T3:4-[(5R)-5,6,7,8-tetrahydroimidazo[1,5-a]pyridin-5-yl]benzonitrile",True
7MK8,1,Crystal structure of a surface mutant of human fetal-specific CYP3A7 bound to dithiothreitol,2.15,X-ray,Homo sapiens,9606,"[""P24462""]",MDYLYGTRTHGLFKKLGIPGPTPLPFLGNALSFRKGYWTFDMECYKKYGKVWGIYDGQQPMLAITDPDMIKTVLVKECYSVFTNRRPFGPVGFMKNAISIAEDEEWKRIRSLLSPTFTSGKLKEMVPIIAQYGDVLVRNLRREAETGKPVTLKHVFGAYSMDVITSTSFGVSIDSLNNPQDPFVENTKKLLRFNPLDPFVLSIKVFPFLTPILEALNITVFPREVISFLTKSVKQIKEGRLKETQKHRVDFLQLMIDSQNSKDSETHKALSDLELMAQSIIFIFAGYETTSSVLSFIIYELATHPDVQQKVQKEIDTVLPNKAPPTYDTVLQLEYLDMVVNETLRLFPVAMRLERVCKKDVEINGMFIPKGVVVMIPSYVLHHDPKYWTEPEKFLPERFSAANADNIDPYIYTPFGSGPRNCIGMRFALVNMKLALVRVLQNFSFKPCKETQIPLKLRFGGLLLTEKPIVLKAESRDETFVDMEPIHMDFLRSLAFQGPHLCFFWELLCPTIRSRHHHH,519,"HEM:PROTOPORPHYRIN IX CONTAINING FE; DTV:(2S,3S)-1,4-DIMERCAPTOBUTANE-2,3-DIOL",mammals,mammals,"DTV:(2S,3S)-1,4-DIMERCAPTOBUTANE-2,3-DIOL",True
