uniprot_id,protein_families,cc_cofactor,xref_interpro,is_p450_by_family,is_p450_by_interpro,has_heme
A0A034WP73,NADPH--cytochrome P450 reductase family; Flavoprotein pyridine nucleotide cytochrome reductase family; Flavodoxin family,COFACTOR: Name=FAD; Xref=ChEBI:CHEBI:57692; Evidence={ECO:0000256|HAMAP-Rule:MF_03212}; Note=Binds 1 FAD per monomer. {ECO:0000256|HAMAP-Rule:MF_03212}; COFACTOR: Name=FMN; Xref=ChEBI:CHEBI:58210; Evidence={ECO:0000256|HAMAP-Rule:MF_03212}; Note=Binds 1 FMN per monomer. {ECO:0000256|HAMAP-Rule:MF_03212};,IPR003097;IPR017927;IPR001094;IPR008254;IPR001709;IPR029039;IPR039261;IPR023173;IPR001433;IPR023208;IPR017938;,True,False,False
A0A059WMF6,Cytochrome P450 family,"COFACTOR: Name=heme; Xref=ChEBI:CHEBI:30413; Evidence={ECO:0000256|ARBA:ARBA00001971, ECO:0000256|PIRSR:PIRSR602401-1};",IPR001128;IPR017972;IPR002401;IPR036396;,True,True,True
A0A068Q609,Cytochrome P450 family,COFACTOR: Name=heme; Xref=ChEBI:CHEBI:30413; Evidence={ECO:0000250|UniProtKB:P04798};,IPR001128;IPR017972;IPR002401;IPR036396;,True,True,True
A0A072UPL5,Cytochrome P450 family,COFACTOR: Name=heme; Xref=ChEBI:CHEBI:30413; Evidence={ECO:0000256|PIRSR:PIRSR602401-1};,IPR001128;IPR017972;IPR002401;IPR036396;,True,True,True
A0A097HUX0,Cytochrome P450 family,"COFACTOR: Name=heme; Xref=ChEBI:CHEBI:30413; Evidence={ECO:0000256|ARBA:ARBA00001971, ECO:0000256|PIRSR:PIRSR602401-1};",IPR050479;IPR001128;IPR017972;IPR002401;IPR036396;,True,True,True
A0A0A0K2U8,Cytochrome P450 family,COFACTOR: Name=heme; Xref=ChEBI:CHEBI:30413; Evidence={ECO:0000256|PIRSR:PIRSR602403-1};,IPR001128;IPR002403;IPR036396;,True,True,True
A0A0A7DLM4,Cytochrome P450 family,COFACTOR: Name=heme; Xref=ChEBI:CHEBI:30413; Evidence={ECO:0000256|PIRSR:PIRSR602401-1};,IPR001128;IPR017972;IPR002401;IPR036396;,True,True,True
A0A0B4KZX8,Cytochrome P450 family,COFACTOR: Name=heme; Xref=ChEBI:CHEBI:30413; Evidence={ECO:0000250|UniProtKB:Q96242};,IPR001128;IPR017972;IPR002401;IPR036396;,True,True,True
A0A0C5QRZ2,Cytochrome P450 family,COFACTOR: Name=heme; Xref=ChEBI:CHEBI:30413; Evidence={ECO:0000250|UniProtKB:Q94IP1};,IPR001128;IPR017972;IPR002401;IPR036396;,True,True,True
A0A0E4B3I0,Cytochrome P450 family,COFACTOR: Name=heme; Xref=ChEBI:CHEBI:30413; Evidence={ECO:0000256|PIRSR:PIRSR602401-1};,IPR001128;IPR017972;IPR002401;IPR036396;IPR050196;,True,True,True
A0A0G2JXU4,Cytochrome P450 family,"COFACTOR: Name=heme; Xref=ChEBI:CHEBI:30413; Evidence={ECO:0000256|ARBA:ARBA00001971, ECO:0000256|PIRSR:PIRSR602401-1, ECO:0000256|RuleBase:RU368053};",IPR001128;IPR017972;IPR002401;IPR008067;IPR036396;IPR050182;,True,True,True
A0A0G2K9N5,Cytochrome P450 family,"COFACTOR: Name=heme; Xref=ChEBI:CHEBI:30413; Evidence={ECO:0000256|ARBA:ARBA00001971, ECO:0000256|PIRSR:PIRSR602399-1};",IPR050479;IPR001128;IPR017972;IPR002399;IPR036396;,True,True,True
A0A0G2RKY1,Cytochrome P450 family,COFACTOR: Name=heme; Xref=ChEBI:CHEBI:30413; Evidence={ECO:0000250|UniProtKB:Q96242};,IPR001128;IPR017972;IPR002401;IPR036396;IPR044225;,True,True,True
A0A0K0PSZ5,NADPH--cytochrome P450 reductase family; Flavoprotein pyridine nucleotide cytochrome reductase family; Flavodoxin family,COFACTOR: Name=FAD; Xref=ChEBI:CHEBI:57692; Evidence={ECO:0000256|HAMAP-Rule:MF_03212}; Note=Binds 1 FAD per monomer. {ECO:0000256|HAMAP-Rule:MF_03212}; COFACTOR: Name=FMN; Xref=ChEBI:CHEBI:58210; Evidence={ECO:0000256|HAMAP-Rule:MF_03212}; Note=Binds 1 FMN per monomer. {ECO:0000256|HAMAP-Rule:MF_03212};,IPR003097;IPR017927;IPR001094;IPR008254;IPR001709;IPR029039;IPR039261;IPR023173;IPR001433;IPR023208;IPR017938;,True,False,False
A0A0N6XHR4,NADPH--cytochrome P450 reductase family; Flavoprotein pyridine nucleotide cytochrome reductase family; Flavodoxin family,COFACTOR: Name=FAD; Xref=ChEBI:CHEBI:57692; Evidence={ECO:0000256|HAMAP-Rule:MF_03212}; Note=Binds 1 FAD per monomer. {ECO:0000256|HAMAP-Rule:MF_03212}; COFACTOR: Name=FMN; Xref=ChEBI:CHEBI:58210; Evidence={ECO:0000256|HAMAP-Rule:MF_03212}; Note=Binds 1 FMN per monomer. {ECO:0000256|HAMAP-Rule:MF_03212};,IPR003097;IPR017927;IPR001094;IPR008254;IPR001709;IPR029039;IPR039261;IPR023173;IPR001433;IPR023208;IPR017938;,True,False,False
A0A0N7F297,Cytochrome P450 family,COFACTOR: Name=heme; Xref=ChEBI:CHEBI:30413; Evidence={ECO:0000250|UniProtKB:Q96242};,IPR001128;IPR017972;IPR002401;IPR036396;IPR050651;,True,True,True
A0A0N7H9X2,Cytochrome P450 family,COFACTOR: Name=heme; Xref=ChEBI:CHEBI:30413; Evidence={ECO:0000256|PIRSR:PIRSR602401-1};,IPR001128;IPR017972;IPR002401;IPR036396;IPR044225;,True,True,True
A0A0N9HTU1,Cytochrome P450 family,COFACTOR: Name=heme; Xref=ChEBI:CHEBI:30413; Evidence={ECO:0000250|UniProtKB:Q96242};,IPR001128;IPR017972;IPR002401;IPR036396;,True,True,True
A0A0P0YJU0,Cytochrome P450 family,"COFACTOR: Name=heme; Xref=ChEBI:CHEBI:30413; Evidence={ECO:0000256|ARBA:ARBA00001971, ECO:0000256|PIRSR:PIRSR602401-1};",IPR001128;IPR017972;IPR002401;IPR036396;,True,True,True
A0A0S1TP26,Cytochrome P450 family,COFACTOR: Name=heme; Xref=ChEBI:CHEBI:30413; Evidence={ECO:0000250|UniProtKB:Q94IP1};,IPR001128;IPR017972;IPR002401;IPR036396;,True,True,True
A0A0S2LLA9,Cytochrome P450 family,"COFACTOR: Name=heme; Xref=ChEBI:CHEBI:30413; Evidence={ECO:0000256|ARBA:ARBA00001971, ECO:0000256|PIRSR:PIRSR602401-1};",IPR001128;IPR017972;IPR002401;IPR036396;,True,True,True
A0A0T9WNE5,Cytochrome P450 family,COFACTOR: Name=heme; Xref=ChEBI:CHEBI:30413; Evidence={ECO:0000256|ARBA:ARBA00001971};,IPR001128;IPR002397;IPR017972;IPR036396;,True,True,True
A0A0Y0GRS3,Cytochrome P450 family,COFACTOR: Name=heme; Xref=ChEBI:CHEBI:30413; Evidence={ECO:0000250|UniProtKB:Q94IP1};,IPR001128;IPR017972;IPR002401;IPR036396;,True,True,True
A0A125QZE2,Cytochrome P450 family,COFACTOR: Name=heme; Xref=ChEBI:CHEBI:30413; Evidence={ECO:0000250|UniProtKB:Q94IP1};,IPR001128;IPR017972;IPR002401;IPR036396;,True,True,True
A0A140IL92,Cytochrome P450 family,COFACTOR: Name=heme; Xref=ChEBI:CHEBI:30413; Evidence={ECO:0000250|UniProtKB:Q96242};,IPR001128;IPR017972;IPR002401;IPR036396;,True,True,True
A0A161ABB0,Cytochrome P450 family,"COFACTOR: Name=heme; Xref=ChEBI:CHEBI:30413; Evidence={ECO:0000256|ARBA:ARBA00001971, ECO:0000256|PIRSR:PIRSR602401-1};",IPR001128;IPR017972;IPR002401;IPR036396;,True,True,True
A0A172R174,NADPH--cytochrome P450 reductase family; Flavoprotein pyridine nucleotide cytochrome reductase family; Flavodoxin family,COFACTOR: Name=FAD; Xref=ChEBI:CHEBI:57692; Evidence={ECO:0000256|HAMAP-Rule:MF_03212}; Note=Binds 1 FAD per monomer. {ECO:0000256|HAMAP-Rule:MF_03212}; COFACTOR: Name=FMN; Xref=ChEBI:CHEBI:58210; Evidence={ECO:0000256|HAMAP-Rule:MF_03212}; Note=Binds 1 FMN per monomer. {ECO:0000256|HAMAP-Rule:MF_03212};,IPR003097;IPR017927;IPR001094;IPR008254;IPR001709;IPR029039;IPR039261;IPR023173;IPR001433;IPR023208;IPR017938;,True,False,False
A0A173GQ95,Cytochrome P450 family,"COFACTOR: Name=heme; Xref=ChEBI:CHEBI:30413; Evidence={ECO:0000256|ARBA:ARBA00001971, ECO:0000256|PIRSR:PIRSR602403-1};",IPR001128;IPR017972;IPR002403;IPR036396;,True,True,True
A0A178USJ1,NADPH--cytochrome P450 reductase family; Flavoprotein pyridine nucleotide cytochrome reductase family; Flavodoxin family,COFACTOR: Name=FAD; Xref=ChEBI:CHEBI:57692; Evidence={ECO:0000256|HAMAP-Rule:MF_03212}; Note=Binds 1 FAD per monomer. {ECO:0000256|HAMAP-Rule:MF_03212}; COFACTOR: Name=FMN; Xref=ChEBI:CHEBI:58210; Evidence={ECO:0000256|HAMAP-Rule:MF_03212}; Note=Binds 1 FMN per monomer. {ECO:0000256|HAMAP-Rule:MF_03212};,IPR003097;IPR017927;IPR001094;IPR008254;IPR001709;IPR029039;IPR039261;IPR023173;IPR001433;IPR023208;IPR017938;,True,False,False
A0A182AUB6,NADPH--cytochrome P450 reductase family; Flavoprotein pyridine nucleotide cytochrome reductase family; Flavodoxin family,COFACTOR: Name=FAD; Xref=ChEBI:CHEBI:57692; Evidence={ECO:0000256|HAMAP-Rule:MF_03212}; Note=Binds 1 FAD per monomer. {ECO:0000256|HAMAP-Rule:MF_03212}; COFACTOR: Name=FMN; Xref=ChEBI:CHEBI:58210; Evidence={ECO:0000256|HAMAP-Rule:MF_03212}; Note=Binds 1 FMN per monomer. {ECO:0000256|HAMAP-Rule:MF_03212};,IPR003097;IPR017927;IPR001094;IPR008254;IPR001709;IPR029039;IPR039261;IPR023173;IPR001433;IPR023208;IPR017938;,True,False,False
A0A1B1IHZ1,Cytochrome P450 family,"COFACTOR: Name=heme; Xref=ChEBI:CHEBI:30413; Evidence={ECO:0000256|ARBA:ARBA00001971, ECO:0000256|PIRSR:PIRSR602401-1};",IPR001128;IPR017972;IPR002401;IPR036396;,True,True,True
A0A1D6F9Y9,Cytochrome P450 family,COFACTOR: Name=heme; Xref=ChEBI:CHEBI:30413; Evidence={ECO:0000250|UniProtKB:Q96242};,IPR001128;IPR017972;IPR002401;IPR036396;,True,True,True
A0A1D6GQ67,Cytochrome P450 family,COFACTOR: Name=heme; Xref=ChEBI:CHEBI:30413; Evidence={ECO:0000250|UniProtKB:Q96242};,IPR001128;IPR017972;IPR002401;IPR036396;,True,True,True
A0A1D6HSP4,Cytochrome P450 family,COFACTOR: Name=heme; Xref=ChEBI:CHEBI:30413; Evidence={ECO:0000250|UniProtKB:Q96242};,IPR001128;IPR017972;IPR002401;IPR036396;,True,True,True
A0A1I9Q5Z0,Cytochrome P450 family,COFACTOR: Name=heme; Xref=ChEBI:CHEBI:30413; Evidence={ECO:0000250|UniProtKB:Q96242};,IPR001128;IPR017972;IPR002401;IPR036396;,True,True,True
A0A1J1DVP9,Cytochrome P450 family,"COFACTOR: Name=heme; Xref=ChEBI:CHEBI:30413; Evidence={ECO:0000256|ARBA:ARBA00001971, ECO:0000256|PIRSR:PIRSR602401-1};",IPR001128;IPR002401;IPR036396;IPR050182;,True,True,True
A0A1J6JQE7,Cytochrome P450 family,"COFACTOR: Name=heme; Xref=ChEBI:CHEBI:30413; Evidence={ECO:0000256|ARBA:ARBA00001971, ECO:0000256|PIRSR:PIRSR602401-1};",IPR001128;IPR002401;IPR036396;,True,True,True
A0A1L7NT18,Cytochrome P450 family,COFACTOR: Name=heme; Xref=ChEBI:CHEBI:30413; Evidence={ECO:0000256|PIRSR:PIRSR602401-1};,IPR001128;IPR017972;IPR002401;IPR036396;IPR050196;,True,True,True
A0A1L7NXK5,Cytochrome P450 family,"COFACTOR: Name=heme; Xref=ChEBI:CHEBI:30413; Evidence={ECO:0000256|ARBA:ARBA00001971, ECO:0000256|PIRSR:PIRSR602401-1};",IPR001128;IPR017972;IPR002401;IPR036396;,True,True,True
A0A1P8NQJ7,Cytochrome P450 family,COFACTOR: Name=heme; Xref=ChEBI:CHEBI:30413; Evidence={ECO:0000256|PIRSR:PIRSR602401-1};,IPR001128;IPR017972;IPR002401;IPR036396;IPR050196;,True,True,True
A0A1P8W705,Cytochrome P450 family,"COFACTOR: Name=heme; Xref=ChEBI:CHEBI:30413; Evidence={ECO:0000256|ARBA:ARBA00001971, ECO:0000256|PIRSR:PIRSR602401-1};",IPR001128;IPR017972;IPR002401;IPR036396;,True,True,True
A0A1S5T865,Cytochrome P450 family,"COFACTOR: Name=heme; Xref=ChEBI:CHEBI:30413; Evidence={ECO:0000256|ARBA:ARBA00001971, ECO:0000256|PIRSR:PIRSR602401-1};",IPR001128;IPR017972;IPR002401;IPR036396;,True,True,True
A0A1U7Q8W9,Cytochrome P450 family,"COFACTOR: Name=heme; Xref=ChEBI:CHEBI:30413; Evidence={ECO:0000256|ARBA:ARBA00001971, ECO:0000256|PIRSR:PIRSR602401-1};",IPR001128;IPR017972;IPR002401;IPR036396;,True,True,True
A0A1U7Q986,Cytochrome P450 family,"COFACTOR: Name=heme; Xref=ChEBI:CHEBI:30413; Evidence={ECO:0000256|ARBA:ARBA00001971, ECO:0000256|PIRNR:PIRNR000047, ECO:0000256|PIRSR:PIRSR000047-1};",IPR030681;IPR050529;IPR001128;IPR017972;IPR024204;IPR002403;IPR036396;,True,True,True
A0A1U7Z269,Cytochrome P450 family,"COFACTOR: Name=heme; Xref=ChEBI:CHEBI:30413; Evidence={ECO:0000256|ARBA:ARBA00001971, ECO:0000256|PIRSR:PIRSR602401-1};",IPR001128;IPR017972;IPR002401;IPR036396;,True,True,True
A0A1U8PCJ4,NADPH--cytochrome P450 reductase family; Flavoprotein pyridine nucleotide cytochrome reductase family; Flavodoxin family,COFACTOR: Name=FAD; Xref=ChEBI:CHEBI:57692; Evidence={ECO:0000256|HAMAP-Rule:MF_03212}; Note=Binds 1 FAD per monomer. {ECO:0000256|HAMAP-Rule:MF_03212}; COFACTOR: Name=FMN; Xref=ChEBI:CHEBI:58210; Evidence={ECO:0000256|HAMAP-Rule:MF_03212}; Note=Binds 1 FMN per monomer. {ECO:0000256|HAMAP-Rule:MF_03212};,IPR003097;IPR017927;IPR001094;IPR008254;IPR001709;IPR029039;IPR039261;IPR023173;IPR001433;IPR023208;IPR017938;,True,False,False
A0A1V1FHP8,Cytochrome P450 family,"COFACTOR: Name=heme; Xref=ChEBI:CHEBI:30413; Evidence={ECO:0000256|ARBA:ARBA00001971, ECO:0000256|PIRSR:PIRSR602401-1};",IPR001128;IPR017972;IPR002401;IPR036396;,True,True,True
A0A1W6S9Y7,,COFACTOR: Name=heme; Xref=ChEBI:CHEBI:30413; Evidence={ECO:0000256|ARBA:ARBA00001971};,IPR001128;IPR002401;IPR036396;IPR050651;,False,True,True
A0A1Z2R7G8,Cytochrome P450 family,"COFACTOR: Name=heme; Xref=ChEBI:CHEBI:30413; Evidence={ECO:0000256|ARBA:ARBA00001971, ECO:0000256|PIRSR:PIRSR602401-1};",IPR001128;IPR017972;IPR002401;IPR036396;,True,True,True
A0A1Z2R7G9,Cytochrome P450 family,"COFACTOR: Name=heme; Xref=ChEBI:CHEBI:30413; Evidence={ECO:0000256|ARBA:ARBA00001971, ECO:0000256|PIRSR:PIRSR602401-1};",IPR001128;IPR017972;IPR002401;IPR036396;,True,True,True
A0A218NGS0,Cytochrome P450 family,COFACTOR: Name=heme; Xref=ChEBI:CHEBI:30413; Evidence={ECO:0000250|UniProtKB:P04798};,IPR001128;IPR017972;IPR002401;IPR036396;IPR050651;,True,True,True
A0A240FWB3,Cytochrome P450 family,"COFACTOR: Name=heme; Xref=ChEBI:CHEBI:30413; Evidence={ECO:0000256|ARBA:ARBA00001971, ECO:0000256|PIRSR:PIRSR602401-1};",IPR001128;IPR017972;IPR002401;IPR036396;,True,True,True
A0A240FWB4,Cytochrome P450 family,"COFACTOR: Name=heme; Xref=ChEBI:CHEBI:30413; Evidence={ECO:0000256|ARBA:ARBA00001971, ECO:0000256|PIRSR:PIRSR602401-1};",IPR001128;IPR017972;IPR002401;IPR036396;,True,True,True
A0A286LD89,Cytochrome P450 family,"COFACTOR: Name=heme; Xref=ChEBI:CHEBI:30413; Evidence={ECO:0000256|ARBA:ARBA00001971, ECO:0000256|PIRSR:PIRSR602401-1};",IPR001128;IPR002401;IPR036396;IPR050182;,True,True,True
A0A2C9DK12,Cytochrome P450 family,"COFACTOR: Name=heme; Xref=ChEBI:CHEBI:30413; Evidence={ECO:0000256|ARBA:ARBA00001971, ECO:0000256|PIRSR:PIRSR602401-1};",IPR001128;IPR017972;IPR002401;IPR036396;IPR050182;,True,True,True
A0A2H4DGV8,Cytochrome P450 family,COFACTOR: Name=heme; Xref=ChEBI:CHEBI:30413; Evidence={ECO:0000250|UniProtKB:P04798};,IPR001128;IPR017972;IPR002401;IPR036396;,True,True,True
A0A2U1LIM9,NADPH--cytochrome P450 reductase family; Flavodoxin family; Flavoprotein pyridine nucleotide cytochrome reductase family,COFACTOR: Name=FAD; Xref=ChEBI:CHEBI:57692; Evidence={ECO:0000255|HAMAP-Rule:MF_03212}; Note=Binds 1 FAD per monomer. {ECO:0000255|HAMAP-Rule:MF_03212}; COFACTOR: Name=FMN; Xref=ChEBI:CHEBI:58210; Evidence={ECO:0000255|HAMAP-Rule:MF_03212}; Note=Binds 1 FMN per monomer. {ECO:0000255|HAMAP-Rule:MF_03212};,IPR003097;IPR017927;IPR001094;IPR008254;IPR001709;IPR029039;IPR039261;IPR023173;IPR001433;IPR023208;IPR017938;,True,False,False
A0A2Z4I2V7,Cytochrome P450 family,"COFACTOR: Name=heme; Xref=ChEBI:CHEBI:30413; Evidence={ECO:0000256|ARBA:ARBA00001971, ECO:0000256|PIRSR:PIRSR602401-1};",IPR001128;IPR017972;IPR002401;IPR036396;,True,True,True
A0A396GRS7,Cytochrome P450 family,,IPR001128;IPR017972;IPR036396;IPR050651;,True,True,False
A0A396JLC3,Cytochrome P450 family,COFACTOR: Name=heme; Xref=ChEBI:CHEBI:30413; Evidence={ECO:0000256|PIRSR:PIRSR602403-1};,IPR001128;IPR002403;IPR036396;,True,True,True
A0A3Q1MTF6,Cytochrome P450 family,"COFACTOR: Name=heme; Xref=ChEBI:CHEBI:30413; Evidence={ECO:0000256|ARBA:ARBA00001971, ECO:0000256|PIRNR:PIRNR000047, ECO:0000256|PIRSR:PIRSR000047-1};",IPR001128;IPR024204;IPR002403;IPR036396;IPR027286;,True,True,True
A0A3Q7HBJ5,Cytochrome P450 family,COFACTOR: Name=heme; Xref=ChEBI:CHEBI:30413; Evidence={ECO:0000250|UniProtKB:Q94IP1};,IPR001128;IPR017972;IPR002401;IPR036396;,True,True,True
A0A3Q7HS74,Cytochrome P450 family,COFACTOR: Name=heme; Xref=ChEBI:CHEBI:30413; Evidence={ECO:0000250|UniProtKB:Q94IP1};,IPR001128;IPR017972;IPR002401;IPR036396;,True,True,True
A0A3Q8QEF5,Cytochrome P450 family,COFACTOR: Name=heme; Xref=ChEBI:CHEBI:30413; Evidence={ECO:0000256|PIRSR:PIRSR602401-1};,IPR001128;IPR017972;IPR002401;IPR036396;,True,True,True
A0A3Q8QEF7,Cytochrome P450 family,"COFACTOR: Name=heme; Xref=ChEBI:CHEBI:30413; Evidence={ECO:0000256|ARBA:ARBA00001971, ECO:0000256|PIRSR:PIRSR602401-1};",IPR001128;IPR017972;IPR002401;IPR036396;,True,True,True
A0A3Q9R4N5,Cytochrome P450 family,COFACTOR: Name=heme; Xref=ChEBI:CHEBI:30413; Evidence={ECO:0000250|UniProtKB:Q96242};,IPR001128;IPR017972;IPR002401;IPR036396;,True,True,True
A0A4X1UJZ0,Cytochrome P450 family,"COFACTOR: Name=heme; Xref=ChEBI:CHEBI:30413; Evidence={ECO:0000256|ARBA:ARBA00001971, ECO:0000256|PIRNR:PIRNR000047, ECO:0000256|PIRSR:PIRSR000047-1};",IPR001128;IPR024204;IPR002403;IPR036396;IPR027286;,True,True,True
A0A5P9L852,NADPH--cytochrome P450 reductase family; Flavoprotein pyridine nucleotide cytochrome reductase family; Flavodoxin family,COFACTOR: Name=FAD; Xref=ChEBI:CHEBI:57692; Evidence={ECO:0000256|HAMAP-Rule:MF_03212}; Note=Binds 1 FAD per monomer. {ECO:0000256|HAMAP-Rule:MF_03212}; COFACTOR: Name=FMN; Xref=ChEBI:CHEBI:58210; Evidence={ECO:0000256|HAMAP-Rule:MF_03212}; Note=Binds 1 FMN per monomer. {ECO:0000256|HAMAP-Rule:MF_03212};,IPR003097;IPR017927;IPR001094;IPR008254;IPR001709;IPR029039;IPR039261;IPR023173;IPR001433;IPR023208;IPR017938;,True,False,False
A0A653FHY2,Cytochrome P450 family,"COFACTOR: Name=heme; Xref=ChEBI:CHEBI:30413; Evidence={ECO:0000256|ARBA:ARBA00001971, ECO:0000256|PIRSR:PIRSR602403-1};",IPR001128;IPR017972;IPR002403;IPR036396;,True,True,True
A0A655A8T0,Cytochrome P450 family,"COFACTOR: Name=heme; Xref=ChEBI:CHEBI:30413; Evidence={ECO:0000256|ARBA:ARBA00001971, ECO:0000256|PIRSR:PIRSR602403-1};",IPR001128;IPR017972;IPR002403;IPR036396;IPR050121;,True,True,True
A0A6C0G9L7,Cytochrome P450 family,"COFACTOR: Name=heme; Xref=ChEBI:CHEBI:30413; Evidence={ECO:0000256|ARBA:ARBA00001971, ECO:0000256|PIRSR:PIRSR602403-1};",IPR050529;IPR001128;IPR017972;IPR002403;IPR036396;,True,True,True
A0A6M3TXH1,Cytochrome P450 family,COFACTOR: Name=heme; Xref=ChEBI:CHEBI:30413; Evidence={ECO:0000256|PIRSR:PIRSR602401-1};,IPR001128;IPR017972;IPR002401;IPR036396;,True,True,True
A0A7D3QT71,Cytochrome P450 family,"COFACTOR: Name=heme; Xref=ChEBI:CHEBI:30413; Evidence={ECO:0000256|ARBA:ARBA00001971, ECO:0000256|PIRSR:PIRSR602401-1};",IPR001128;IPR017972;IPR002401;IPR036396;,True,True,True
A0A8C1NRV4,Cytochrome P450 family,"COFACTOR: Name=heme; Xref=ChEBI:CHEBI:30413; Evidence={ECO:0000256|ARBA:ARBA00001971, ECO:0000256|PIRSR:PIRSR602401-1, ECO:0000256|RuleBase:RU368045};",IPR001128;IPR017972;IPR002401;IPR008066;IPR036396;,True,True,True
A0A8C4ECQ9,Cytochrome P450 family,"COFACTOR: Name=heme; Xref=ChEBI:CHEBI:30413; Evidence={ECO:0000256|ARBA:ARBA00001971, ECO:0000256|PIRSR:PIRSR602401-1};",IPR001128;IPR017972;IPR002401;IPR036396;,True,True,True
A0A8D2C8E4,NADPH--cytochrome P450 reductase family; Flavoprotein pyridine nucleotide cytochrome reductase family; Flavodoxin family,COFACTOR: Name=FAD; Xref=ChEBI:CHEBI:57692; Evidence={ECO:0000256|HAMAP-Rule:MF_03212}; Note=Binds 1 FAD per monomer. {ECO:0000256|HAMAP-Rule:MF_03212}; COFACTOR: Name=FMN; Xref=ChEBI:CHEBI:58210; Evidence={ECO:0000256|HAMAP-Rule:MF_03212}; Note=Binds 1 FMN per monomer. {ECO:0000256|HAMAP-Rule:MF_03212};,IPR003097;IPR017927;IPR001094;IPR008254;IPR001709;IPR029039;IPR039261;IPR023173;IPR001433;IPR023208;IPR017938;,True,False,False
A0A8I5ZS87,NADPH--cytochrome P450 reductase family; Flavoprotein pyridine nucleotide cytochrome reductase family; Flavodoxin family,COFACTOR: Name=FAD; Xref=ChEBI:CHEBI:57692; Evidence={ECO:0000256|HAMAP-Rule:MF_03212}; Note=Binds 1 FAD per monomer. {ECO:0000256|HAMAP-Rule:MF_03212}; COFACTOR: Name=FMN; Xref=ChEBI:CHEBI:58210; Evidence={ECO:0000256|HAMAP-Rule:MF_03212}; Note=Binds 1 FMN per monomer. {ECO:0000256|HAMAP-Rule:MF_03212};,IPR003097;IPR017927;IPR001094;IPR008254;IPR001709;IPR029039;IPR039261;IPR023173;IPR001433;IPR023208;IPR017938;,True,False,False
A1L3S6,Cytochrome P450 family,"COFACTOR: Name=heme; Xref=ChEBI:CHEBI:30413; Evidence={ECO:0000256|ARBA:ARBA00001971, ECO:0000256|PIRNR:PIRNR000047, ECO:0000256|PIRSR:PIRSR000047-1};",IPR030681;IPR050529;IPR001128;IPR017972;IPR024204;IPR002403;IPR036396;,True,True,True
A1XBC6,Cytochrome P450 family,"COFACTOR: Name=heme; Xref=ChEBI:CHEBI:30413; Evidence={ECO:0000256|ARBA:ARBA00001971, ECO:0000256|PIRSR:PIRSR602401-1};",IPR001128;IPR017972;IPR002401;IPR036396;,True,True,True
A1YJE3,"Cytochrome P450 family, CYP82E2 subfamily",COFACTOR: Name=heme; Xref=ChEBI:CHEBI:30413; Evidence={ECO:0000250|UniProtKB:P04798};,IPR001128;IPR017972;IPR002401;IPR036396;IPR050651;,True,True,True
A2RRT9,Cytochrome P450 family,COFACTOR: Name=heme; Xref=ChEBI:CHEBI:30413; Evidence={ECO:0000250|UniProtKB:P51869};,IPR001128;IPR017972;IPR002401;IPR036396;IPR050196;,True,True,True
A2TEF2,Cytochrome P450 family,COFACTOR: Name=heme; Xref=ChEBI:CHEBI:30413; Evidence={ECO:0000256|PIRSR:PIRSR602403-1};,IPR050529;IPR001128;IPR017972;IPR002403;IPR036396;,True,True,True
A3KLR7,Cytochrome P450 family,"COFACTOR: Name=heme; Xref=ChEBI:CHEBI:30413; Evidence={ECO:0000256|ARBA:ARBA00001971, ECO:0000256|PIRSR:PIRSR602401-1};",IPR001128;IPR017972;IPR002401;IPR036396;,True,True,True
A4ZIT2,NADPH--cytochrome P450 reductase family; Flavoprotein pyridine nucleotide cytochrome reductase family; Flavodoxin family,COFACTOR: Name=FAD; Xref=ChEBI:CHEBI:57692; Evidence={ECO:0000256|HAMAP-Rule:MF_03212}; Note=Binds 1 FAD per monomer. {ECO:0000256|HAMAP-Rule:MF_03212}; COFACTOR: Name=FMN; Xref=ChEBI:CHEBI:58210; Evidence={ECO:0000256|HAMAP-Rule:MF_03212}; Note=Binds 1 FMN per monomer. {ECO:0000256|HAMAP-Rule:MF_03212};,IPR003097;IPR017927;IPR001094;IPR008254;IPR001709;IPR029039;IPR039261;IPR023173;IPR001433;IPR023208;IPR017938;,True,False,False
A5LGW8,Cytochrome P450 family,"COFACTOR: Name=heme; Xref=ChEBI:CHEBI:30413; Evidence={ECO:0000256|ARBA:ARBA00001971, ECO:0000256|PIRSR:PIRSR602401-1};",IPR001128;IPR017972;IPR002401;IPR036396;,True,True,True
A6P663,Cytochrome P450 family,"COFACTOR: Name=heme; Xref=ChEBI:CHEBI:30413; Evidence={ECO:0000256|ARBA:ARBA00001971, ECO:0000256|PIRSR:PIRSR602401-1};",IPR001128;IPR017972;IPR002401;IPR036396;,True,True,True
A6YIH8,Cytochrome P450 family,COFACTOR: Name=heme; Xref=ChEBI:CHEBI:30413; Evidence={ECO:0000250};,IPR052306;IPR001128;IPR017972;IPR002401;IPR036396;,True,True,True
A7KMF3,"Cytochrome P450 family, CYP82E2 subfamily","COFACTOR: Name=heme; Xref=ChEBI:CHEBI:30413; Evidence={ECO:0000256|ARBA:ARBA00001971, ECO:0000256|PIRSR:PIRSR602401-1};",IPR001128;IPR017972;IPR002401;IPR036396;IPR050651;,True,True,True
A7XY79,Cytochrome P450 family,COFACTOR: Name=heme; Xref=ChEBI:CHEBI:30413; Evidence={ECO:0000256|PIRSR:PIRSR602403-1};,IPR001128;IPR002403;IPR036396;,True,True,True
A8CBS0,Cytochrome P450 family,COFACTOR: Name=heme; Xref=ChEBI:CHEBI:30413; Evidence={ECO:0000256|PIRSR:PIRSR602401-1};,IPR001128;IPR017972;IPR002401;IPR036396;IPR050196;,True,True,True
A8CDR5,Cytochrome P450 family,COFACTOR: Name=heme; Xref=ChEBI:CHEBI:30413; Evidence={ECO:0000269|PubMed:18230623};,IPR001128;IPR017972;IPR002401;IPR036396;,True,True,True
A8DBU6,Cytochrome P450 family,"COFACTOR: Name=heme; Xref=ChEBI:CHEBI:30413; Evidence={ECO:0000256|ARBA:ARBA00001971, ECO:0000256|PIRSR:PIRSR602403-1};",IPR050529;IPR001128;IPR017972;IPR002403;IPR036396;,True,True,True
A8K3B4,NADPH--cytochrome P450 reductase family; Flavoprotein pyridine nucleotide cytochrome reductase family; Flavodoxin family,COFACTOR: Name=FAD; Xref=ChEBI:CHEBI:57692; Evidence={ECO:0000256|HAMAP-Rule:MF_03212}; Note=Binds 1 FAD per monomer. {ECO:0000256|HAMAP-Rule:MF_03212}; COFACTOR: Name=FMN; Xref=ChEBI:CHEBI:58210; Evidence={ECO:0000256|HAMAP-Rule:MF_03212}; Note=Binds 1 FMN per monomer. {ECO:0000256|HAMAP-Rule:MF_03212};,IPR003097;IPR017927;IPR001094;IPR008254;IPR001709;IPR029039;IPR039261;IPR023173;IPR001433;IPR023208;IPR017938;,True,False,False
A9QNE6,"Cytochrome P450 family, CYP82E2 subfamily","COFACTOR: Name=heme; Xref=ChEBI:CHEBI:30413; Evidence={ECO:0000256|ARBA:ARBA00001971, ECO:0000256|PIRSR:PIRSR602401-1};",IPR001128;IPR017972;IPR002401;IPR036396;IPR050651;,True,True,True
A9SNA2,Cytochrome P450 family,COFACTOR: Name=heme; Xref=ChEBI:CHEBI:30413; Evidence={ECO:0000256|PIRSR:PIRSR602403-1};,IPR001128;IPR002403;IPR036396;,True,True,True
B1NF18,Cytochrome P450 family,COFACTOR: Name=heme; Xref=ChEBI:CHEBI:30413; Evidence={ECO:0000250|UniProtKB:Q94IP1};,IPR001128;IPR002401;IPR036396;,True,True,True
B1NF19,Cytochrome P450 family,COFACTOR: Name=heme; Xref=ChEBI:CHEBI:30413; Evidence={ECO:0000250|UniProtKB:Q96242};,IPR001128;IPR017972;IPR002401;IPR036396;,True,True,True
B2BF50,Cytochrome P450 family,"COFACTOR: Name=heme; Xref=ChEBI:CHEBI:30413; Evidence={ECO:0000256|ARBA:ARBA00001971, ECO:0000256|PIRSR:PIRSR602401-1};",IPR001128;IPR017972;IPR002401;IPR036396;,True,True,True
B3LF83,Cytochrome P450 family,COFACTOR: Name=heme; Xref=ChEBI:CHEBI:30413; Evidence={ECO:0000250|UniProtKB:Q96242};,IPR001128;IPR002403;IPR036396;,True,True,True
B4DDJ0,Cytochrome P450 family,"COFACTOR: Name=heme; Xref=ChEBI:CHEBI:30413; Evidence={ECO:0000256|ARBA:ARBA00001971, ECO:0000256|PIRSR:PIRSR602401-1, ECO:0000256|RuleBase:RU364077};",IPR050479;IPR001128;IPR017972;IPR002401;IPR036396;,True,True,True
B4FVP3,Cytochrome P450 family,COFACTOR: Name=heme; Xref=ChEBI:CHEBI:30413; Evidence={ECO:0000250|UniProtKB:Q96242};,IPR001128;IPR017972;IPR002401;IPR036396;,True,True,True
B4XY99,Cytochrome P450 family,COFACTOR: Name=heme; Xref=ChEBI:CHEBI:30413; Evidence={ECO:0000250|UniProtKB:Q00441};,IPR001128;IPR002397;IPR017972;IPR036396;,True,True,True
B5BSX1,Cytochrome P450 family,COFACTOR: Name=heme; Xref=ChEBI:CHEBI:30413; Evidence={ECO:0000250};,IPR001128;IPR017972;IPR002401;IPR036396;,True,True,True
B5UAQ8,Cytochrome P450 family,COFACTOR: Name=heme; Xref=ChEBI:CHEBI:30413; Evidence={ECO:0000250};,IPR001128;IPR017972;IPR002401;IPR036396;,True,True,True
B8QHP5,Cytochrome P450 family,COFACTOR: Name=heme; Xref=ChEBI:CHEBI:30413; Evidence={ECO:0000250|UniProtKB:P04798};,IPR001128;IPR017972;IPR002974;IPR047146;IPR002402;IPR036396;,True,True,True
B8RBV1,Cytochrome P450 family,"COFACTOR: Name=heme; Xref=ChEBI:CHEBI:30413; Evidence={ECO:0000256|ARBA:ARBA00001971, ECO:0000256|PIRSR:PIRSR602403-1};",IPR001128;IPR017972;IPR002403;IPR036396;IPR050476;,True,True,True
B8Y644,NADPH--cytochrome P450 reductase family; Flavoprotein pyridine nucleotide cytochrome reductase family; Flavodoxin family,COFACTOR: Name=FAD; Xref=ChEBI:CHEBI:57692; Evidence={ECO:0000256|HAMAP-Rule:MF_03212}; Note=Binds 1 FAD per monomer. {ECO:0000256|HAMAP-Rule:MF_03212}; COFACTOR: Name=FMN; Xref=ChEBI:CHEBI:58210; Evidence={ECO:0000256|HAMAP-Rule:MF_03212}; Note=Binds 1 FMN per monomer. {ECO:0000256|HAMAP-Rule:MF_03212};,IPR003097;IPR017927;IPR001094;IPR008254;IPR001709;IPR029039;IPR039261;IPR023173;IPR001433;IPR023208;IPR017938;,True,False,False
C0SJS2,Cytochrome P450 family,COFACTOR: Name=heme; Xref=ChEBI:CHEBI:30413; Evidence={ECO:0000250|UniProtKB:Q94IP1};,IPR001128;IPR017972;IPR002401;IPR036396;,True,True,True
C0SJS3,Cytochrome P450 family,COFACTOR: Name=heme; Xref=ChEBI:CHEBI:30413; Evidence={ECO:0000250|UniProtKB:Q94IP1};,IPR001128;IPR017972;IPR002401;IPR036396;,True,True,True
C0SJS4,Cytochrome P450 family,,IPR001128;IPR017972;IPR002401;IPR036396;,True,True,False
C0SPF7,Cytochrome P450 family,COFACTOR: Name=heme; Xref=ChEBI:CHEBI:30413; Evidence={ECO:0000250|UniProtKB:P04798};,IPR001128;IPR017972;IPR002401;IPR036396;IPR050182;,True,True,True
C1J0N9,Cytochrome P450 family,"COFACTOR: Name=heme; Xref=ChEBI:CHEBI:30413; Evidence={ECO:0000256|ARBA:ARBA00001971, ECO:0000256|PIRSR:PIRSR602401-1};",IPR001128;IPR017972;IPR002401;IPR036396;,True,True,True
C4B644,Cytochrome P450 family,COFACTOR: Name=heme; Xref=ChEBI:CHEBI:30413; Evidence={ECO:0000250|UniProtKB:P0A512};,IPR001128;IPR002397;IPR017972;IPR036396;,True,True,True
C5IGQ5,Cytochrome P450 family,"COFACTOR: Name=heme; Xref=ChEBI:CHEBI:30413; Evidence={ECO:0000256|ARBA:ARBA00001971, ECO:0000256|PIRSR:PIRSR602401-1};",IPR001128;IPR017972;IPR002401;IPR036396;,True,True,True
C5IWL6,Cytochrome P450 family,"COFACTOR: Name=heme; Xref=ChEBI:CHEBI:30413; Evidence={ECO:0000256|ARBA:ARBA00001971, ECO:0000256|PIRSR:PIRSR602401-1};",IPR001128;IPR017972;IPR002401;IPR036396;,True,True,True
C5X6I4,Cytochrome P450 family,"COFACTOR: Name=heme; Xref=ChEBI:CHEBI:30413; Evidence={ECO:0000256|ARBA:ARBA00001971, ECO:0000256|PIRSR:PIRSR602401-1};",IPR001128;IPR017972;IPR002401;IPR036396;,True,True,True
C5XWH8,Cytochrome P450 family,"COFACTOR: Name=heme; Xref=ChEBI:CHEBI:30413; Evidence={ECO:0000256|ARBA:ARBA00001971, ECO:0000256|PIRSR:PIRSR602401-1};",IPR001128;IPR017972;IPR002401;IPR036396;,True,True,True
C7B608,Cytochrome P450 family,"COFACTOR: Name=heme; Xref=ChEBI:CHEBI:30413; Evidence={ECO:0000256|ARBA:ARBA00001971, ECO:0000256|PIRSR:PIRSR602401-1};",IPR001128;IPR017972;IPR002401;IPR036396;,True,True,True
C7T4H2,Cytochrome P450 family,,IPR001128;IPR002397;IPR036396;,True,True,False
C7T4H3,Cytochrome P450 family,,IPR001128;IPR002397;IPR017972;IPR036396;,True,True,False
C7T4H4,Cytochrome P450 family,,IPR001128;IPR002397;IPR017972;IPR036396;,True,True,False
C9K1X6,Cytochrome P450 family,COFACTOR: Name=heme; Xref=ChEBI:CHEBI:30413; Evidence={ECO:0000250|UniProtKB:Q9K498};,IPR001128;IPR017972;IPR002401;IPR036396;IPR050196;,True,True,True
C9K1X7,Cytochrome P450 family,COFACTOR: Name=heme; Xref=ChEBI:CHEBI:30413; Evidence={ECO:0000250|UniProtKB:Q9K498};,IPR001128;IPR017972;IPR002403;IPR036396;IPR050196;,True,True,True
D1MI46,Cytochrome P450 family,COFACTOR: Name=heme; Xref=ChEBI:CHEBI:30413; Evidence={ECO:0000250};,IPR001128;IPR017972;IPR002401;IPR036396;,True,True,True
D3IWE6,Cytochrome P450 family,"COFACTOR: Name=heme; Xref=ChEBI:CHEBI:30413; Evidence={ECO:0000256|ARBA:ARBA00001971, ECO:0000256|PIRSR:PIRSR602401-1};",IPR001128;IPR017972;IPR002401;IPR036396;,True,True,True
D3K2N2,,,IPR001128;IPR036396;,False,True,False
D3TJH0,Cytochrome P450 family,"COFACTOR: Name=heme; Xref=ChEBI:CHEBI:30413; Evidence={ECO:0000256|ARBA:ARBA00001971, ECO:0000256|RuleBase:RU368045};",IPR001128;IPR002401;IPR008066;IPR036396;,True,True,True
D5J9U8,Cytochrome P450 family,COFACTOR: Name=heme; Xref=ChEBI:CHEBI:30413; Evidence={ECO:0000250};,IPR001128;IPR017972;IPR002401;IPR036396;,True,True,True
D5JBW9,Cytochrome P450 family,COFACTOR: Name=heme; Xref=ChEBI:CHEBI:30413; Evidence={ECO:0000250};,IPR001128;IPR017972;IPR002401;IPR036396;,True,True,True
D5JBX0,Cytochrome P450 family,COFACTOR: Name=heme; Xref=ChEBI:CHEBI:30413; Evidence={ECO:0000250};,IPR001128;IPR017972;IPR002401;IPR036396;,True,True,True
D5JBX1,Cytochrome P450 family,COFACTOR: Name=heme; Xref=ChEBI:CHEBI:30413; Evidence={ECO:0000250};,IPR001128;IPR017972;IPR002401;IPR036396;,True,True,True
D6CJJ9,Cytochrome P450 family,COFACTOR: Name=heme; Xref=ChEBI:CHEBI:30413; Evidence={ECO:0000256|ARBA:ARBA00001971};,IPR001128;IPR002401;IPR036396;IPR050182;,True,True,True
D6WFY6,Cytochrome P450 family,"COFACTOR: Name=heme; Xref=ChEBI:CHEBI:30413; Evidence={ECO:0000256|ARBA:ARBA00001971, ECO:0000256|PIRSR:PIRSR602401-1};",IPR001128;IPR017972;IPR002401;IPR036396;IPR050182;,True,True,True
D8QZ31,Cytochrome P450 family,COFACTOR: Name=heme; Xref=ChEBI:CHEBI:30413; Evidence={ECO:0000250|UniProtKB:Q96242};,IPR001128;IPR002403;IPR036396;,True,True,True
D8S724,Cytochrome P450 family,COFACTOR: Name=heme; Xref=ChEBI:CHEBI:30413; Evidence={ECO:0000250|UniProtKB:Q96242};,IPR001128;IPR002403;IPR036396;,True,True,True
E0A3A7,NADPH--cytochrome P450 reductase family; Flavoprotein pyridine nucleotide cytochrome reductase family; Flavodoxin family,COFACTOR: Name=FAD; Xref=ChEBI:CHEBI:57692; Evidence={ECO:0000256|HAMAP-Rule:MF_03212}; Note=Binds 1 FAD per monomer. {ECO:0000256|HAMAP-Rule:MF_03212}; COFACTOR: Name=FMN; Xref=ChEBI:CHEBI:58210; Evidence={ECO:0000256|HAMAP-Rule:MF_03212}; Note=Binds 1 FMN per monomer. {ECO:0000256|HAMAP-Rule:MF_03212};,IPR003097;IPR017927;IPR001094;IPR008254;IPR001709;IPR029039;IPR039261;IPR023173;IPR001433;IPR023208;IPR017938;,True,False,False
E0D4W1,Cytochrome P450 family,"COFACTOR: Name=heme; Xref=ChEBI:CHEBI:30413; Evidence={ECO:0000256|ARBA:ARBA00001971, ECO:0000256|PIRSR:PIRSR602401-1};",IPR001128;IPR017972;IPR002401;IPR036396;,True,True,True
E0D4W2,Cytochrome P450 family,"COFACTOR: Name=heme; Xref=ChEBI:CHEBI:30413; Evidence={ECO:0000256|ARBA:ARBA00001971, ECO:0000256|PIRSR:PIRSR602401-1};",IPR001128;IPR017972;IPR002401;IPR036396;,True,True,True
E3T9X1,Cytochrome P450 family,"COFACTOR: Name=heme; Xref=ChEBI:CHEBI:30413; Evidence={ECO:0000256|ARBA:ARBA00001971, ECO:0000256|PIRSR:PIRSR602401-1};",IPR001128;IPR017972;IPR002401;IPR036396;,True,True,True
E3TB05,Cytochrome P450 family,,IPR001128;IPR002403;IPR036396;,True,True,False
E3VWI3,Cytochrome P450 family,COFACTOR: Name=heme; Xref=ChEBI:CHEBI:30413; Evidence={ECO:0000269|PubMed:21284395};,IPR001128;IPR002397;IPR017972;IPR036396;IPR054976;,True,True,True
E3VWJ9,Cytochrome P450 family,COFACTOR: Name=heme; Xref=ChEBI:CHEBI:30413; Evidence={ECO:0000269|PubMed:21284395};,IPR001128;IPR002397;IPR017972;IPR036396;IPR054976;,True,True,True
E3W9C4,Cytochrome P450 family,COFACTOR: Name=heme; Xref=ChEBI:CHEBI:30413; Evidence={ECO:0000250|UniProtKB:P04798};,IPR001128;IPR017972;IPR002401;IPR036396;,True,True,True
E9KBR8,Cytochrome P450 family,COFACTOR: Name=heme; Xref=ChEBI:CHEBI:30413; Evidence={ECO:0000250|UniProtKB:Q94IP1};,IPR001128;IPR017972;IPR002401;IPR036396;,True,True,True
F1DI27,NADPH--cytochrome P450 reductase family; Flavoprotein pyridine nucleotide cytochrome reductase family; Flavodoxin family,COFACTOR: Name=FAD; Xref=ChEBI:CHEBI:57692; Evidence={ECO:0000256|HAMAP-Rule:MF_03212}; Note=Binds 1 FAD per monomer. {ECO:0000256|HAMAP-Rule:MF_03212}; COFACTOR: Name=FMN; Xref=ChEBI:CHEBI:58210; Evidence={ECO:0000256|HAMAP-Rule:MF_03212}; Note=Binds 1 FMN per monomer. {ECO:0000256|HAMAP-Rule:MF_03212};,IPR003097;IPR017927;IPR001094;IPR008254;IPR001709;IPR029039;IPR039261;IPR023173;IPR001433;IPR023208;IPR017938;,True,False,False
F1T0M7,Cytochrome P450 family,,IPR001128;IPR036396;,True,True,False
F2Z9C1,Cytochrome P450 family,COFACTOR: Name=heme; Xref=ChEBI:CHEBI:30413; Evidence={ECO:0000250};,IPR001128;IPR017972;IPR002401;IPR036396;IPR050651;,True,True,True
F2ZAE0,Cytochrome P450 family,COFACTOR: Name=heme; Xref=ChEBI:CHEBI:30413; Evidence={ECO:0000256|PIRSR:PIRSR602401-1};,IPR001128;IPR017972;IPR002401;IPR036396;IPR044225;,True,True,True
F4YRL2,Cytochrome P450 family,"COFACTOR: Name=heme; Xref=ChEBI:CHEBI:30413; Evidence={ECO:0000256|ARBA:ARBA00001971, ECO:0000256|PIRSR:PIRSR602401-1};",IPR001128;IPR017972;IPR002401;IPR036396;,True,True,True
F6H9N6,Cytochrome P450 family,COFACTOR: Name=heme; Xref=ChEBI:CHEBI:30413; Evidence={ECO:0000250|UniProtKB:Q96242};,IPR001128;IPR017972;IPR002401;IPR036396;,True,True,True
F6KZD5,Cytochrome P450 family,"COFACTOR: Name=heme; Xref=ChEBI:CHEBI:30413; Evidence={ECO:0000256|ARBA:ARBA00001971, ECO:0000256|PIRSR:PIRSR602401-1};",IPR001128;IPR017972;IPR002401;IPR036396;,True,True,True
F6XIB2,NADPH--cytochrome P450 reductase family; Flavoprotein pyridine nucleotide cytochrome reductase family; Flavodoxin family,COFACTOR: Name=FAD; Xref=ChEBI:CHEBI:57692; Evidence={ECO:0000256|HAMAP-Rule:MF_03212}; Note=Binds 1 FAD per monomer. {ECO:0000256|HAMAP-Rule:MF_03212}; COFACTOR: Name=FMN; Xref=ChEBI:CHEBI:58210; Evidence={ECO:0000256|HAMAP-Rule:MF_03212}; Note=Binds 1 FMN per monomer. {ECO:0000256|HAMAP-Rule:MF_03212};,IPR003097;IPR017927;IPR001094;IPR008254;IPR001709;IPR029039;IPR039261;IPR023173;IPR001433;IPR023208;IPR017938;,True,False,False
F7EN52,Cytochrome P450 family,"COFACTOR: Name=heme; Xref=ChEBI:CHEBI:30413; Evidence={ECO:0000256|ARBA:ARBA00001971, ECO:0000256|PIRSR:PIRSR602401-1};",IPR039983;IPR001128;IPR017972;IPR002401;IPR036396;,True,True,True
F8S1H3,Cytochrome P450 family,COFACTOR: Name=heme; Xref=ChEBI:CHEBI:30413; Evidence={ECO:0000250|UniProtKB:P04798};,IPR001128;IPR017972;IPR002401;IPR036396;,True,True,True
F8S1H8,Cytochrome P450 family,COFACTOR: Name=heme; Xref=ChEBI:CHEBI:30413; Evidence={ECO:0000250|UniProtKB:P04798};,IPR001128;IPR017972;IPR002401;IPR036396;,True,True,True
F8S1I0,Cytochrome P450 family,COFACTOR: Name=heme; Xref=ChEBI:CHEBI:30413; Evidence={ECO:0000250|UniProtKB:P04798};,IPR001128;IPR017972;IPR002401;IPR036396;,True,True,True
G4VV60,,COFACTOR: Name=heme; Xref=ChEBI:CHEBI:30413; Evidence={ECO:0000256|PIRSR:PIRSR602403-1};,IPR001128;IPR002403;IPR036396;,False,True,True
G8XQN2,,,IPR001128;IPR036396;,False,True,False
H1A988,Cytochrome P450 family,COFACTOR: Name=heme; Xref=ChEBI:CHEBI:30413; Evidence={ECO:0000250};,IPR001128;IPR017972;IPR002401;IPR036396;IPR050665;,True,True,True
H2DH16,Cytochrome P450 family,COFACTOR: Name=heme; Xref=ChEBI:CHEBI:30413; Evidence={ECO:0000250|UniProtKB:Q96242};,IPR001128;IPR017972;IPR002401;IPR036396;,True,True,True
H9LJF9,Cytochrome P450 family,"COFACTOR: Name=heme; Xref=ChEBI:CHEBI:30413; Evidence={ECO:0000256|ARBA:ARBA00001971, ECO:0000256|PIRSR:PIRSR602401-1};",IPR001128;IPR017972;IPR002401;IPR036396;,True,True,True
H9MFM9,Cytochrome P450 family,"COFACTOR: Name=heme; Xref=ChEBI:CHEBI:30413; Evidence={ECO:0000256|ARBA:ARBA00001971, ECO:0000256|PIRSR:PIRSR602401-1};",IPR050479;IPR001128;IPR017972;IPR002401;IPR036396;,True,True,True
I1TEM1,Cytochrome P450 family,COFACTOR: Name=heme; Xref=ChEBI:CHEBI:30413; Evidence={ECO:0000250|UniProtKB:Q96242};,IPR052306;IPR001128;IPR017972;IPR002401;IPR036396;,True,True,True
I3PLR0,Cytochrome P450 family,COFACTOR: Name=heme; Xref=ChEBI:CHEBI:30413; Evidence={ECO:0000250|UniProtKB:Q96242};,IPR001128;IPR017972;IPR002401;IPR036396;IPR050651;,True,True,True
I3PLR1,Cytochrome P450 family,COFACTOR: Name=heme; Xref=ChEBI:CHEBI:30413; Evidence={ECO:0000250|UniProtKB:Q96242};,IPR001128;IPR017972;IPR002401;IPR036396;IPR050651;,True,True,True
I3QBP4,Cytochrome P450 family,COFACTOR: Name=heme; Xref=ChEBI:CHEBI:30413; Evidence={ECO:0000250|UniProtKB:Q96242};,IPR001128;IPR017972;IPR002401;IPR036396;,True,True,True
I3V6B7,Cytochrome P450 family,COFACTOR: Name=heme; Xref=ChEBI:CHEBI:30413; Evidence={ECO:0000250|UniProtKB:Q96242};,IPR001128;IPR017972;IPR002401;IPR036396;IPR050651;,True,True,True
I7C6E8,Cytochrome P450 family,COFACTOR: Name=heme; Xref=ChEBI:CHEBI:30413; Evidence={ECO:0000250|UniProtKB:Q96242};,IPR001128;IPR017972;IPR002401;IPR036396;,True,True,True
I7CT85,Cytochrome P450 family,COFACTOR: Name=heme; Xref=ChEBI:CHEBI:30413; Evidence={ECO:0000250|UniProtKB:Q96242};,IPR001128;IPR017972;IPR002401;IPR036396;,True,True,True
J7M8Q0,"Cytochrome P450 family, CYP82E2 subfamily","COFACTOR: Name=heme; Xref=ChEBI:CHEBI:30413; Evidence={ECO:0000256|ARBA:ARBA00001971, ECO:0000256|PIRSR:PIRSR602401-1};",IPR001128;IPR017972;IPR002401;IPR036396;IPR050651;,True,True,True
J7MB22,"Cytochrome P450 family, CYP82E2 subfamily","COFACTOR: Name=heme; Xref=ChEBI:CHEBI:30413; Evidence={ECO:0000256|ARBA:ARBA00001971, ECO:0000256|PIRSR:PIRSR602401-1};",IPR001128;IPR017972;IPR002401;IPR036396;IPR050651;,True,True,True
K4CI52,Cytochrome P450 family,COFACTOR: Name=heme; Xref=ChEBI:CHEBI:30413; Evidence={ECO:0000250|UniProtKB:Q96242};,IPR001128;IPR017972;IPR002401;IPR036396;,True,True,True
K4K542,Cytochrome P450 family,"COFACTOR: Name=heme; Xref=ChEBI:CHEBI:30413; Evidence={ECO:0000256|ARBA:ARBA00001971, ECO:0000256|PIRSR:PIRSR602401-1};",IPR001128;IPR017972;IPR002401;IPR036396;,True,True,True
K7NBR2,Cytochrome P450 family,COFACTOR: Name=heme; Xref=ChEBI:CHEBI:30413; Evidence={ECO:0000250|UniProtKB:Q93VK5};,IPR001128;IPR017972;IPR002401;IPR036396;,True,True,True
K7ZPJ9,Cytochrome P450 family,COFACTOR: Name=heme; Xref=ChEBI:CHEBI:30413; Evidence={ECO:0000256|PIRSR:PIRSR602401-1};,IPR001128;IPR017972;IPR002401;IPR036396;,True,True,True
K7ZR99,Cytochrome P450 family,COFACTOR: Name=heme; Xref=ChEBI:CHEBI:30413; Evidence={ECO:0000256|PIRSR:PIRSR602401-1};,IPR001128;IPR017972;IPR002401;IPR036396;,True,True,True
L7T720,Cytochrome P450 family,COFACTOR: Name=heme; Xref=ChEBI:CHEBI:30413; Evidence={ECO:0000250|UniProtKB:Q96242};,IPR001128;IPR002401;IPR036396;,True,True,True
L7T8H2,Cytochrome P450 family,COFACTOR: Name=heme; Xref=ChEBI:CHEBI:30413; Evidence={ECO:0000250|UniProtKB:Q96242};,IPR001128;IPR002401;IPR036396;,True,True,True
L7TF20,Cytochrome P450 family,"COFACTOR: Name=heme; Xref=ChEBI:CHEBI:30413; Evidence={ECO:0000256|ARBA:ARBA00001971, ECO:0000256|PIRSR:PIRSR602401-1};",IPR001128;IPR017972;IPR002401;IPR036396;,True,True,True
L7X0L7,Cytochrome P450 family,COFACTOR: Name=heme; Xref=ChEBI:CHEBI:30413; Evidence={ECO:0000250};,IPR001128;IPR017972;IPR002401;IPR036396;IPR050651;,True,True,True
M1KK91,Cytochrome P450 family,COFACTOR: Name=heme; Xref=ChEBI:CHEBI:30413; Evidence={ECO:0000256|PIRSR:PIRSR602403-1};,IPR050529;IPR001128;IPR017972;IPR002403;IPR036396;,True,True,True
M4WFN0,Cytochrome P450 family,,IPR001128;IPR036396;,True,True,False
O02766,Cytochrome P450 family,COFACTOR: Name=heme; Xref=ChEBI:CHEBI:30413; Evidence={ECO:0000269|PubMed:1400444};,IPR001128;IPR024204;IPR002403;IPR036396;IPR030686;,True,True,True
O09158,Cytochrome P450 family,COFACTOR: Name=heme; Xref=ChEBI:CHEBI:30413; Evidence={ECO:0000250};,IPR001128;IPR017972;IPR008072;IPR002402;IPR036396;IPR050705;,True,True,True
O15528,Cytochrome P450 family,COFACTOR: Name=heme; Xref=ChEBI:CHEBI:30413; Evidence={ECO:0000250|UniProtKB:O35084};,IPR050479;IPR001128;IPR017972;IPR002401;IPR036396;,True,True,True
O23051,Cytochrome P450 family,COFACTOR: Name=heme; Xref=ChEBI:CHEBI:30413; Evidence={ECO:0000250|UniProtKB:P04798};,IPR001128;IPR002397;IPR017972;IPR036396;,True,True,True
O23066,Cytochrome P450 family,COFACTOR: Name=heme; Xref=ChEBI:CHEBI:30413; Evidence={ECO:0000250};,IPR001128;IPR017972;IPR002401;IPR036396;,True,True,True
O24782,Cytochrome P450 family,"COFACTOR: Name=heme; Xref=ChEBI:CHEBI:30413; Evidence={ECO:0000256|ARBA:ARBA00001971, ECO:0000256|PIRSR:PIRSR602401-1};",IPR001128;IPR002401;IPR036396;,True,True,True
O35084,Cytochrome P450 family,COFACTOR: Name=heme; Xref=ChEBI:CHEBI:30413; Evidence={ECO:0000269|PubMed:15972816};,IPR050479;IPR001128;IPR017972;IPR002401;IPR036396;,True,True,True
O35132,Cytochrome P450 family,COFACTOR: Name=heme; Xref=ChEBI:CHEBI:30413; Evidence={ECO:0000250};,IPR050479;IPR001128;IPR017972;IPR002401;IPR036396;,True,True,True
O46658,Cytochrome P450 family,COFACTOR: Name=heme; Xref=ChEBI:CHEBI:30413; Evidence={ECO:0000250};,IPR001128;IPR017972;IPR002401;IPR008069;IPR036396;IPR050182;,True,True,True
O48958,Cytochrome P450 family,COFACTOR: Name=heme b; Xref=ChEBI:CHEBI:60344; Evidence={ECO:0000250|UniProtKB:P08686};,IPR001128;IPR017972;IPR002401;IPR036396;IPR050193;,True,True,True
O49394,Cytochrome P450 family,COFACTOR: Name=heme; Xref=ChEBI:CHEBI:30413; Evidence={ECO:0000250};,IPR001128;IPR017972;IPR002401;IPR036396;IPR050651;,True,True,True
O64698,Cytochrome P450 family,COFACTOR: Name=heme; Xref=ChEBI:CHEBI:30413; Evidence={ECO:0000250|UniProtKB:P04798};,IPR001128;IPR017972;IPR002401;IPR036396;,True,True,True
O64900,Cytochrome P450 family,COFACTOR: Name=heme; Xref=ChEBI:CHEBI:30413;,IPR001128;IPR017972;IPR002401;IPR036396;,True,True,True
O65782,Cytochrome P450 family,COFACTOR: Name=heme; Xref=ChEBI:CHEBI:30413; Evidence={ECO:0000250|UniProtKB:Q96242};,IPR001128;IPR017972;IPR002401;IPR036396;,True,True,True
O75881,Cytochrome P450 family,COFACTOR: Name=heme; Xref=ChEBI:CHEBI:30413; Evidence={ECO:0000250|UniProtKB:P22680};,IPR050529;IPR001128;IPR024204;IPR002403;IPR036396;,True,True,True
O88962,Cytochrome P450 family,COFACTOR: Name=heme; Xref=ChEBI:CHEBI:30413; Evidence={ECO:0000250|UniProtKB:O02766};,IPR001128;IPR024204;IPR002403;IPR036396;IPR030686;,True,True,True
P00189,Cytochrome P450 family,COFACTOR: Name=heme; Xref=ChEBI:CHEBI:30413; Evidence={ECO:0000269|PubMed:21159775};,IPR050479;IPR001128;IPR017972;IPR002401;IPR036396;,True,True,True
P00191,Cytochrome P450 family,COFACTOR: Name=heme b; Xref=ChEBI:CHEBI:60344; Evidence={ECO:0000269|PubMed:22262854};,IPR001128;IPR017972;IPR002401;IPR036396;,True,True,True
P05093,Cytochrome P450 family,"COFACTOR: Name=heme; Xref=ChEBI:CHEBI:30413; Evidence={ECO:0000269|PubMed:22266943, ECO:0000269|PubMed:25301938};",IPR001128;IPR017972;IPR002401;IPR036396;,True,True,True
P05185,Cytochrome P450 family,COFACTOR: Name=heme; Xref=ChEBI:CHEBI:30413; Evidence={ECO:0000250|UniProtKB:P05093};,IPR001128;IPR017972;IPR002401;IPR036396;,True,True,True
P08683,Cytochrome P450 family,COFACTOR: Name=heme; Xref=ChEBI:CHEBI:30413; Evidence={ECO:0000250|UniProtKB:P33261};,IPR001128;IPR017972;IPR002401;IPR008068;IPR036396;IPR050182;,True,True,True
P08684,Cytochrome P450 family,"COFACTOR: Name=heme; Xref=ChEBI:CHEBI:30413; Evidence={ECO:0000269|PubMed:15256616, ECO:0000269|PubMed:15258162};",IPR001128;IPR017972;IPR008072;IPR002402;IPR036396;IPR050705;,True,True,True
P0CT93,Cytochrome P450 family,COFACTOR: Name=heme; Xref=ChEBI:CHEBI:30413; Evidence={ECO:0000250};,IPR001128;IPR017972;IPR002401;IPR036396;IPR050364;,True,True,True
P0DKI7,Cytochrome P450 family; Aldo/keto reductase family,COFACTOR: Name=heme; Xref=ChEBI:CHEBI:30413; Evidence={ECO:0000250|UniProtKB:P04798};,IPR020471;IPR044497;IPR018170;IPR001128;IPR017972;IPR036396;IPR023210;IPR036812;IPR050651;,True,True,True
P0DPA7,Cytochrome P450 family,COFACTOR: Name=heme; Xref=ChEBI:CHEBI:30413; Evidence={ECO:0000250|UniProtKB:P04798};,IPR001128;IPR017972;IPR002401;IPR036396;IPR050364;,True,True,True
P11371,Cytochrome P450 family,COFACTOR: Name=heme; Xref=ChEBI:CHEBI:30413; Evidence={ECO:0000250};,IPR001128;IPR017972;IPR002401;IPR036396;IPR050182;,True,True,True
P11511,Cytochrome P450 family,COFACTOR: Name=heme; Xref=ChEBI:CHEBI:30413; Evidence={ECO:0000269|PubMed:19129847};,IPR001128;IPR017972;IPR002401;IPR036396;IPR050196;,True,True,True
P11715,Cytochrome P450 family,COFACTOR: Name=heme; Xref=ChEBI:CHEBI:30413; Evidence={ECO:0000250|UniProtKB:P05093};,IPR001128;IPR017972;IPR002401;IPR036396;,True,True,True
P14263,Cytochrome P450 family,COFACTOR: Name=heme; Xref=ChEBI:CHEBI:30413; Evidence={ECO:0000250};,IPR050529;IPR001128;IPR017972;IPR002403;IPR036396;,True,True,True
P15150,Cytochrome P450 family,COFACTOR: Name=heme; Xref=ChEBI:CHEBI:30413; Evidence={ECO:0000250|UniProtKB:P19099};,IPR050479;IPR001128;IPR017972;IPR002401;IPR036396;,True,True,True
P15540,Cytochrome P450 family,"COFACTOR: Name=heme b; Xref=ChEBI:CHEBI:60344; Evidence={ECO:0000250|UniProtKB:P00191, ECO:0000250|UniProtKB:P08686};",IPR001128;IPR017972;IPR002401;IPR036396;,True,True,True
P17549,Cytochrome P450 family,COFACTOR: Name=heme; Xref=ChEBI:CHEBI:30413; Evidence={ECO:0000250|UniProtKB:P04798};,IPR001128;IPR017972;IPR002401;IPR036396;IPR050121;,True,True,True
P18125,Cytochrome P450 family,COFACTOR: Name=heme; Xref=ChEBI:CHEBI:30413; Evidence={ECO:0000250|UniProtKB:P22680};,IPR030681;IPR050529;IPR001128;IPR017972;IPR024204;IPR002403;IPR036396;,True,True,True
P19099,Cytochrome P450 family,COFACTOR: Name=heme; Xref=ChEBI:CHEBI:30413; Evidence={ECO:0000269|PubMed:23322723};,IPR050479;IPR001128;IPR017972;IPR002399;IPR036396;,True,True,True
P19100,Cytochrome P450 family,COFACTOR: Name=heme; Xref=ChEBI:CHEBI:30413; Evidence={ECO:0000250|UniProtKB:P05093};,IPR001128;IPR017972;IPR002401;IPR036396;,True,True,True
P22680,Cytochrome P450 family,COFACTOR: Name=heme; Xref=ChEBI:CHEBI:30413; Evidence={ECO:0000269|Ref.12};,IPR030681;IPR050529;IPR001128;IPR017972;IPR024204;IPR002403;IPR036396;,True,True,True
P23295,Cytochrome P450 family,COFACTOR: Name=heme; Xref=ChEBI:CHEBI:30413;,IPR001128;IPR002397;IPR017972;IPR036396;,True,True,True
P24557,Cytochrome P450 family,COFACTOR: Name=heme; Xref=ChEBI:CHEBI:30413; Evidence={ECO:0000269|PubMed:11097184};,IPR001128;IPR017972;IPR002401;IPR036396;IPR050705;,True,True,True
P27786,Cytochrome P450 family,COFACTOR: Name=heme; Xref=ChEBI:CHEBI:30413; Evidence={ECO:0000250|UniProtKB:P05093};,IPR001128;IPR017972;IPR002401;IPR036396;,True,True,True
P30437,Cytochrome P450 family,COFACTOR: Name=heme; Xref=ChEBI:CHEBI:30413; Evidence={ECO:0000250};,IPR001128;IPR017972;IPR002401;IPR036396;,True,True,True
P33261,Cytochrome P450 family,COFACTOR: Name=heme; Xref=ChEBI:CHEBI:30413; Evidence={ECO:0000269|PubMed:23118231};,IPR001128;IPR017972;IPR002401;IPR036396;IPR050182;,True,True,True
P37039,NADPH--cytochrome P450 reductase family; Flavodoxin family; Flavoprotein pyridine nucleotide cytochrome reductase family,COFACTOR: Name=FAD; Xref=ChEBI:CHEBI:57692; Evidence={ECO:0000255|HAMAP-Rule:MF_03212}; Note=Binds 1 FAD per monomer. {ECO:0000255|HAMAP-Rule:MF_03212}; COFACTOR: Name=FMN; Xref=ChEBI:CHEBI:58210; Evidence={ECO:0000255|HAMAP-Rule:MF_03212}; Note=Binds 1 FMN per monomer. {ECO:0000255|HAMAP-Rule:MF_03212};,IPR003097;IPR017927;IPR001094;IPR008254;IPR001709;IPR029039;IPR039261;IPR023173;IPR001433;IPR023208;IPR017938;,True,False,False
P37040,NADPH--cytochrome P450 reductase family; Flavodoxin family; Flavoprotein pyridine nucleotide cytochrome reductase family,COFACTOR: Name=FAD; Xref=ChEBI:CHEBI:57692; Evidence={ECO:0000255|HAMAP-Rule:MF_03212}; Note=Binds 1 FAD per monomer. {ECO:0000255|HAMAP-Rule:MF_03212}; COFACTOR: Name=FMN; Xref=ChEBI:CHEBI:58210; Evidence={ECO:0000255|HAMAP-Rule:MF_03212}; Note=Binds 1 FMN per monomer. {ECO:0000255|HAMAP-Rule:MF_03212};,IPR003097;IPR017927;IPR001094;IPR008254;IPR001709;IPR029039;IPR039261;IPR023173;IPR001433;IPR023208;IPR017938;,True,False,False
P37114,Cytochrome P450 family,COFACTOR: Name=heme; Xref=ChEBI:CHEBI:30413; Evidence={ECO:0000250|UniProtKB:Q94IP1};,IPR001128;IPR017972;IPR002401;IPR036396;,True,True,True
P37120,Cytochrome P450 family,COFACTOR: Name=heme; Xref=ChEBI:CHEBI:30413; Evidence={ECO:0000250};,IPR001128;IPR017972;IPR002401;IPR036396;,True,True,True
P46634,Cytochrome P450 family,COFACTOR: Name=heme; Xref=ChEBI:CHEBI:30413; Evidence={ECO:0000250};,IPR030681;IPR050529;IPR001128;IPR017972;IPR024204;IPR002403;IPR036396;,True,True,True
P47195,Cytochrome P450 family,COFACTOR: Name=heme; Xref=ChEBI:CHEBI:30413; Evidence={ECO:0000250};,IPR001128;IPR017972;IPR002401;IPR036396;,True,True,True
P47787,Cytochrome P450 family,COFACTOR: Name=heme; Xref=ChEBI:CHEBI:30413; Evidence={ECO:0000250|UniProtKB:P24557};,IPR001128;IPR017972;IPR002401;IPR036396;IPR050705;,True,True,True
P48417,Cytochrome P450 family,COFACTOR: Name=heme b; Xref=ChEBI:CHEBI:60344; Evidence={ECO:0000250|UniProtKB:Q96242};,IPR001128;IPR002403;IPR036396;,True,True,True
P48421,Cytochrome P450 family,COFACTOR: Name=heme; Xref=ChEBI:CHEBI:30413; Evidence={ECO:0000250|UniProtKB:Q96242};,IPR001128;IPR017972;IPR002401;IPR036396;,True,True,True
P48422,Cytochrome P450 family,COFACTOR: Name=heme; Xref=ChEBI:CHEBI:30413; Evidence={ECO:0000250};,IPR001128;IPR017972;IPR002401;IPR036396;,True,True,True
P48522,Cytochrome P450 family,COFACTOR: Name=heme; Xref=ChEBI:CHEBI:30413; Evidence={ECO:0000250|UniProtKB:Q94IP1};,IPR001128;IPR017972;IPR002401;IPR036396;,True,True,True
P49430,Cytochrome P450 family,COFACTOR: Name=heme; Xref=ChEBI:CHEBI:30413; Evidence={ECO:0000250|UniProtKB:P24557};,IPR001128;IPR017972;IPR002401;IPR036396;IPR050705;,True,True,True
P51542,Cytochrome P450 family,COFACTOR: Name=heme; Xref=ChEBI:CHEBI:30413; Evidence={ECO:0000250|UniProtKB:P22680};,IPR030681;IPR050529;IPR001128;IPR017972;IPR024204;IPR002403;IPR036396;,True,True,True
P51589,Cytochrome P450 family,COFACTOR: Name=heme; Xref=ChEBI:CHEBI:30413; Evidence={ECO:0000250};,IPR001128;IPR017972;IPR002401;IPR008071;IPR036396;IPR050182;,True,True,True
P51663,Cytochrome P450 family,COFACTOR: Name=heme; Xref=ChEBI:CHEBI:30413; Evidence={ECO:0000250|UniProtKB:P19099};,IPR050479;IPR001128;IPR017972;IPR002401;IPR036396;,True,True,True
P51869,Cytochrome P450 family,COFACTOR: Name=heme; Xref=ChEBI:CHEBI:30413; Evidence={ECO:0000269|PubMed:11980497};,IPR001128;IPR017972;IPR002401;IPR036396;IPR050196;,True,True,True
P70687,Cytochrome P450 family,COFACTOR: Name=heme; Xref=ChEBI:CHEBI:30413; Evidence={ECO:0000250|UniProtKB:P05093};,IPR001128;IPR017972;IPR002401;IPR036396;,True,True,True
P78329,Cytochrome P450 family,COFACTOR: Name=heme; Xref=ChEBI:CHEBI:30413; Evidence={ECO:0000250|UniProtKB:P24464};,IPR001128;IPR017972;IPR002401;IPR036396;IPR050196;,True,True,True
P93147,Cytochrome P450 family,COFACTOR: Name=heme; Xref=ChEBI:CHEBI:30413; Evidence={ECO:0000250};,IPR001128;IPR017972;IPR002401;IPR036396;IPR050651;,True,True,True
P93149,Cytochrome P450 family,COFACTOR: Name=heme; Xref=ChEBI:CHEBI:30413; Evidence={ECO:0000250|UniProtKB:Q94IP1};,IPR001128;IPR017972;IPR002401;IPR036396;,True,True,True
P93846,Cytochrome P450 family,COFACTOR: Name=heme; Xref=ChEBI:CHEBI:30413;,IPR050529;IPR001128;IPR017972;IPR002403;IPR036396;,True,True,True
P98183,Cytochrome P450 family,COFACTOR: Name=heme; Xref=ChEBI:CHEBI:30413; Evidence={ECO:0000250|UniProtKB:Q96242};,IPR052306;IPR001128;IPR017972;IPR002401;IPR036396;,True,True,True
P98187,Cytochrome P450 family,COFACTOR: Name=heme; Xref=ChEBI:CHEBI:30413; Evidence={ECO:0000250|UniProtKB:Q02928};,IPR001128;IPR017972;IPR002401;IPR036396;IPR050196;,True,True,True
Q00G65,Cytochrome P450 family,"COFACTOR: Name=heme; Xref=ChEBI:CHEBI:30413; Evidence={ECO:0000256|ARBA:ARBA00001971, ECO:0000256|PIRSR:PIRSR602403-1};",IPR001128;IPR017972;IPR002403;IPR036396;IPR050476;,True,True,True
Q02928,Cytochrome P450 family,COFACTOR: Name=heme; Xref=ChEBI:CHEBI:30413; Evidence={ECO:0000269|PubMed:11139583};,IPR001128;IPR017972;IPR002401;IPR036396;IPR050196;,True,True,True
Q04468,Cytochrome P450 family,COFACTOR: Name=heme; Xref=ChEBI:CHEBI:30413; Evidence={ECO:0000250|UniProtKB:Q94IP1};,IPR001128;IPR017972;IPR002401;IPR036396;,True,True,True
Q04552,Cytochrome P450 family,COFACTOR: Name=heme; Xref=ChEBI:CHEBI:30413; Evidence={ECO:0000250};,IPR001128;IPR017972;IPR002401;IPR036396;IPR050476;,True,True,True
Q06069,Cytochrome P450 family,COFACTOR: Name=heme; Xref=ChEBI:CHEBI:30413; Evidence={ECO:0000250};,IPR001128;IPR002397;IPR017972;IPR036396;,True,True,True
Q06IS2,Cytochrome P450 family,,IPR001128;IPR002397;IPR017972;IPR036396;,True,True,False
Q07973,Cytochrome P450 family,COFACTOR: Name=heme; Xref=ChEBI:CHEBI:30413; Evidence={ECO:0000250|UniProtKB:Q09128};,IPR050479;IPR001128;IPR017972;IPR002401;IPR036396;,True,True,True
Q08477,Cytochrome P450 family,COFACTOR: Name=heme; Xref=ChEBI:CHEBI:30413; Evidence={ECO:0000250|UniProtKB:P51869};,IPR001128;IPR017972;IPR002401;IPR036396;IPR050196;,True,True,True
Q09128,Cytochrome P450 family,COFACTOR: Name=heme; Xref=ChEBI:CHEBI:30413; Evidence={ECO:0000269|PubMed:19961857};,IPR050479;IPR001128;IPR017972;IPR002949;IPR036396;,True,True,True
Q0H7R9,,COFACTOR: Name=heme; Xref=ChEBI:CHEBI:30413; Evidence={ECO:0000256|PIRSR:PIRSR602403-1};,IPR001128;IPR002403;IPR036396;,False,True,True
Q0Q5Z4,Cytochrome P450 family,"COFACTOR: Name=heme; Xref=ChEBI:CHEBI:30413; Evidence={ECO:0000256|ARBA:ARBA00001971, ECO:0000256|PIRSR:PIRSR602401-1};",IPR001128;IPR017972;IPR002401;IPR036396;,True,True,True
Q0QLB3,Cytochrome P450 family,"COFACTOR: Name=heme; Xref=ChEBI:CHEBI:30413; Evidence={ECO:0000256|ARBA:ARBA00001971, ECO:0000256|PIRSR:PIRSR602401-1};",IPR001128;IPR017972;IPR002401;IPR036396;,True,True,True
Q12599,Cytochrome P450 family,COFACTOR: Name=heme; Xref=ChEBI:CHEBI:30413; Evidence={ECO:0000250};,IPR001128;IPR002397;IPR017972;IPR036396;,True,True,True
Q12664,Cytochrome P450 family,COFACTOR: Name=heme; Xref=ChEBI:CHEBI:30413; Evidence={ECO:0000250};,IPR050529;IPR001128;IPR017972;IPR002403;IPR036396;,True,True,True
Q16850,Cytochrome P450 family,COFACTOR: Name=heme; Xref=ChEBI:CHEBI:30413; Evidence={ECO:0000269|PubMed:20149798};,IPR050529;IPR001128;IPR017972;IPR002403;IPR036396;,True,True,True
Q17UC0,Cytochrome P450 family,"COFACTOR: Name=heme; Xref=ChEBI:CHEBI:30413; Evidence={ECO:0000256|ARBA:ARBA00001971, ECO:0000256|PIRSR:PIRSR602401-1};",IPR001128;IPR017972;IPR002401;IPR036396;,True,True,True
Q1JPY5,Cytochrome P450 family,COFACTOR: Name=heme; Xref=ChEBI:CHEBI:30413; Evidence={ECO:0000250|UniProtKB:Q16850};,IPR050529;IPR001128;IPR017972;IPR002403;IPR036396;,True,True,True
Q1T7C2,Cytochrome P450 family,COFACTOR: Name=heme; Xref=ChEBI:CHEBI:30413; Evidence={ECO:0000250|UniProtKB:P04798};,IPR001128;IPR002403;IPR036396;,True,True,True
Q29497,Cytochrome P450 family,COFACTOR: Name=heme; Xref=ChEBI:CHEBI:30413; Evidence={ECO:0000250|UniProtKB:P05093};,IPR001128;IPR017972;IPR002401;IPR036396;,True,True,True
Q2EMR3,Cytochrome P450 family,"COFACTOR: Name=heme; Xref=ChEBI:CHEBI:30413; Evidence={ECO:0000256|ARBA:ARBA00001971, ECO:0000256|PIRSR:PIRSR602401-1};",IPR050479;IPR001128;IPR017972;IPR002401;IPR036396;,True,True,True
Q2ENF7,,,IPR001128;IPR002401;IPR036396;IPR050651;,False,True,False
Q2EPZ0,Cytochrome P450 family,"COFACTOR: Name=heme; Xref=ChEBI:CHEBI:30413; Evidence={ECO:0000256|ARBA:ARBA00001971, ECO:0000256|PIRSR:PIRSR602401-1};",IPR001128;IPR017972;IPR002401;IPR036396;,True,True,True
Q2KIG5,Cytochrome P450 family,COFACTOR: Name=heme; Xref=ChEBI:CHEBI:30413; Evidence={ECO:0000250|UniProtKB:P24557};,IPR001128;IPR017972;IPR002401;IPR036396;IPR050705;,True,True,True
Q2LAL0,Cytochrome P450 family,COFACTOR: Name=heme; Xref=ChEBI:CHEBI:30413; Evidence={ECO:0000256|PIRSR:PIRSR602401-1};,IPR001128;IPR017972;IPR002401;IPR036396;IPR050651;,True,True,True
Q2MJ20,Cytochrome P450 family,COFACTOR: Name=heme; Xref=ChEBI:CHEBI:30413; Evidence={ECO:0000250|UniProtKB:Q96242};,IPR001128;IPR017972;IPR002401;IPR036396;,True,True,True
Q2UYU7,Cytochrome P450 family,"COFACTOR: Name=heme; Xref=ChEBI:CHEBI:30413; Evidence={ECO:0000256|ARBA:ARBA00001971, ECO:0000256|PIRSR:PIRSR602401-1};",IPR001128;IPR017972;IPR002401;IPR036396;,True,True,True
Q2WE96,Cytochrome P450 family,COFACTOR: Name=heme; Xref=ChEBI:CHEBI:30413; Evidence={ECO:0000250|UniProtKB:Q96242};,IPR001128;IPR002403;IPR036396;,True,True,True
Q2XVA1,Cytochrome P450 family,COFACTOR: Name=heme; Xref=ChEBI:CHEBI:30413; Evidence={ECO:0000250|UniProtKB:P05093};,IPR001128;IPR017972;IPR002401;IPR036396;,True,True,True
Q304Q4,Cytochrome P450 family,"COFACTOR: Name=heme; Xref=ChEBI:CHEBI:30413; Evidence={ECO:0000256|ARBA:ARBA00001971, ECO:0000256|PIRSR:PIRSR602401-1};",IPR001128;IPR017972;IPR002401;IPR036396;,True,True,True
Q304Q5,Cytochrome P450 family,"COFACTOR: Name=heme; Xref=ChEBI:CHEBI:30413; Evidence={ECO:0000256|ARBA:ARBA00001971, ECO:0000256|PIRSR:PIRSR602401-1};",IPR001128;IPR017972;IPR002401;IPR036396;,True,True,True
Q304R0,Cytochrome P450 family,"COFACTOR: Name=heme; Xref=ChEBI:CHEBI:30413; Evidence={ECO:0000256|ARBA:ARBA00001971, ECO:0000256|PIRSR:PIRSR602401-1};",IPR001128;IPR017972;IPR002401;IPR036396;,True,True,True
Q33DX9,Cytochrome P450 family,COFACTOR: Name=heme; Xref=ChEBI:CHEBI:30413; Evidence={ECO:0000250|UniProtKB:Q96242};,IPR001128;IPR017972;IPR002401;IPR036396;IPR050651;,True,True,True
Q33DY0,Cytochrome P450 family,COFACTOR: Name=heme; Xref=ChEBI:CHEBI:30413; Evidence={ECO:0000250|UniProtKB:Q96242};,IPR001128;IPR017972;IPR002401;IPR036396;IPR050651;,True,True,True
Q38Q84,"Cytochrome P450 family, CYP82E2 subfamily",COFACTOR: Name=heme; Xref=ChEBI:CHEBI:30413; Evidence={ECO:0000250|UniProtKB:P04798};,IPR001128;IPR017972;IPR002401;IPR036396;IPR050651;,True,True,True
Q39443,,COFACTOR: Name=heme; Xref=ChEBI:CHEBI:30413; Evidence={ECO:0000256|PIRSR:PIRSR602403-1};,IPR001128;IPR002403;IPR036396;,False,True,True
Q3C211,Cytochrome P450 family,"COFACTOR: Name=heme; Xref=ChEBI:CHEBI:30413; Evidence={ECO:0000256|ARBA:ARBA00001971, ECO:0000256|PIRSR:PIRSR602401-1};",IPR001128;IPR017972;IPR002401;IPR036396;,True,True,True
Q3LFR2,Cytochrome P450 family,"COFACTOR: Name=heme; Xref=ChEBI:CHEBI:30413; Evidence={ECO:0000256|ARBA:ARBA00001971, ECO:0000256|PIRSR:PIRSR602401-1};",IPR050479;IPR001128;IPR017972;IPR002401;IPR036396;,True,True,True
Q3SYT8,NADPH--cytochrome P450 reductase family; Flavodoxin family; Flavoprotein pyridine nucleotide cytochrome reductase family,COFACTOR: Name=FAD; Xref=ChEBI:CHEBI:57692; Evidence={ECO:0000255|HAMAP-Rule:MF_03212}; Note=Binds 1 FAD per monomer. {ECO:0000255|HAMAP-Rule:MF_03212}; COFACTOR: Name=FMN; Xref=ChEBI:CHEBI:58210; Evidence={ECO:0000255|HAMAP-Rule:MF_03212}; Note=Binds 1 FMN per monomer. {ECO:0000255|HAMAP-Rule:MF_03212};,IPR003097;IPR017927;IPR001094;IPR008254;IPR001709;IPR029039;IPR039261;IPR023173;IPR001433;IPR023208;IPR017938;,True,False,False
Q42600,Cytochrome P450 family,COFACTOR: Name=heme; Xref=ChEBI:CHEBI:30413; Evidence={ECO:0000250};,IPR053062;IPR001128;IPR017972;IPR002401;IPR036396;,True,True,True
Q42798,Cytochrome P450 family,COFACTOR: Name=heme; Xref=ChEBI:CHEBI:30413; Evidence={ECO:0000250};,IPR001128;IPR017972;IPR002401;IPR036396;,True,True,True
Q43033,Cytochrome P450 family,COFACTOR: Name=heme; Xref=ChEBI:CHEBI:30413; Evidence={ECO:0000250|UniProtKB:Q94IP1};,IPR001128;IPR017972;IPR002401;IPR036396;,True,True,True
Q43067,Cytochrome P450 family,COFACTOR: Name=heme; Xref=ChEBI:CHEBI:30413; Evidence={ECO:0000250|UniProtKB:Q94IP1};,IPR001128;IPR017972;IPR002401;IPR036396;,True,True,True
Q43135,Cytochrome P450 family,COFACTOR: Name=heme b; Xref=ChEBI:CHEBI:60344; Evidence={ECO:0000250|UniProtKB:P08686};,IPR001128;IPR017972;IPR002401;IPR036396;,True,True,True
Q43250,Cytochrome P450 family,COFACTOR: Name=heme; Xref=ChEBI:CHEBI:30413; Evidence={ECO:0000250};,IPR001128;IPR017972;IPR002401;IPR036396;,True,True,True
Q43255,Cytochrome P450 family,COFACTOR: Name=heme; Xref=ChEBI:CHEBI:30413; Evidence={ECO:0000250};,IPR001128;IPR017972;IPR002401;IPR036396;,True,True,True
Q43257,Cytochrome P450 family,COFACTOR: Name=heme; Xref=ChEBI:CHEBI:30413; Evidence={ECO:0000250};,IPR001128;IPR017972;IPR002401;IPR036396;,True,True,True
Q4PJW3,Cytochrome P450 family,COFACTOR: Name=heme; Xref=ChEBI:CHEBI:30413; Evidence={ECO:0000250|UniProtKB:Q16850};,IPR050529;IPR001128;IPR017972;IPR002403;IPR036396;,True,True,True
Q50EK6,Cytochrome P450 family,COFACTOR: Name=heme; Xref=ChEBI:CHEBI:30413; Evidence={ECO:0000250};,IPR001128;IPR017972;IPR002401;IPR036396;,True,True,True
Q50LH4,Cytochrome P450 family,COFACTOR: Name=heme; Xref=ChEBI:CHEBI:30413; Evidence={ECO:0000250|UniProtKB:Q96242};,IPR001128;IPR017972;IPR002401;IPR036396;,True,True,True
Q52TE7,Cytochrome P450 family,COFACTOR: Name=heme; Xref=ChEBI:CHEBI:30413; Evidence={ECO:0000256|ARBA:ARBA00001971};,IPR036010;IPR001041;IPR006058;IPR012675;IPR001128;IPR002397;IPR017972;IPR036396;IPR017927;IPR039261;IPR017938;,True,True,True
Q52YL8,Cytochrome P450 family,"COFACTOR: Name=heme; Xref=ChEBI:CHEBI:30413; Evidence={ECO:0000256|ARBA:ARBA00001971, ECO:0000256|PIRSR:PIRSR602401-1};",IPR001128;IPR017972;IPR002401;IPR036396;,True,True,True
Q59723,Cytochrome P450 family,COFACTOR: Name=heme; Xref=ChEBI:CHEBI:30413;,IPR001128;IPR002397;IPR017972;IPR036396;,True,True,True
Q59I68,Cytochrome P450 family,"COFACTOR: Name=heme; Xref=ChEBI:CHEBI:30413; Evidence={ECO:0000256|ARBA:ARBA00001971, ECO:0000256|PIRSR:PIRSR602401-1};",IPR001128;IPR017972;IPR002401;IPR036396;,True,True,True
Q5EWY2,Cytochrome P450 family,"COFACTOR: Name=heme; Xref=ChEBI:CHEBI:30413; Evidence={ECO:0000256|ARBA:ARBA00001971, ECO:0000256|PIRSR:PIRSR602401-1};",IPR001128;IPR017972;IPR002401;IPR036396;,True,True,True
Q5ILH2,Cytochrome P450 family,"COFACTOR: Name=heme; Xref=ChEBI:CHEBI:30413; Evidence={ECO:0000256|ARBA:ARBA00001971, ECO:0000256|PIRNR:PIRNR000047, ECO:0000256|PIRSR:PIRSR000047-1};",IPR030681;IPR050529;IPR001128;IPR024204;IPR002403;IPR036396;,True,True,True
Q60991,Cytochrome P450 family,COFACTOR: Name=heme; Xref=ChEBI:CHEBI:30413; Evidence={ECO:0000250|UniProtKB:P22680};,IPR050529;IPR001128;IPR024204;IPR002403;IPR036396;,True,True,True
Q62969,Cytochrome P450 family,COFACTOR: Name=heme; Xref=ChEBI:CHEBI:30413; Evidence={ECO:0000250|UniProtKB:Q16647};,IPR001128;IPR024204;IPR002403;IPR036396;IPR027286;,True,True,True
Q63688,Cytochrome P450 family,COFACTOR: Name=heme; Xref=ChEBI:CHEBI:30413; Evidence={ECO:0000250};,IPR050529;IPR001128;IPR002403;IPR036396;,True,True,True
Q64148,Cytochrome P450 family,COFACTOR: Name=heme; Xref=ChEBI:CHEBI:30413; Evidence={ECO:0000250};,IPR001128;IPR017972;IPR008072;IPR002402;IPR036396;IPR050705;,True,True,True
Q64410,Cytochrome P450 family,COFACTOR: Name=heme; Xref=ChEBI:CHEBI:30413; Evidence={ECO:0000250|UniProtKB:P05093};,IPR001128;IPR017972;IPR002401;IPR036396;,True,True,True
Q64429,Cytochrome P450 family,COFACTOR: Name=heme; Xref=ChEBI:CHEBI:30413; Evidence={ECO:0000250};,IPR001128;IPR017972;IPR002401;IPR036396;,True,True,True
Q64441,Cytochrome P450 family,COFACTOR: Name=heme; Xref=ChEBI:CHEBI:30413; Evidence={ECO:0000250|UniProtKB:Q09128};,IPR050479;IPR001128;IPR017972;IPR002401;IPR036396;,True,True,True
Q64459,Cytochrome P450 family,COFACTOR: Name=heme; Xref=ChEBI:CHEBI:30413; Evidence={ECO:0000250};,IPR001128;IPR017972;IPR008072;IPR002402;IPR036396;IPR050705;,True,True,True
Q64562,Cytochrome P450 family,"COFACTOR: Name=heme b; Xref=ChEBI:CHEBI:60344; Evidence={ECO:0000250|UniProtKB:P00191, ECO:0000250|UniProtKB:P08686};",IPR001128;IPR017972;IPR002401;IPR036396;,True,True,True
Q64654,Cytochrome P450 family,COFACTOR: Name=heme; Xref=ChEBI:CHEBI:30413; Evidence={ECO:0000250|UniProtKB:Q16850};,IPR050529;IPR001128;IPR017972;IPR002403;IPR036396;,True,True,True
Q66T17,NADPH--cytochrome P450 reductase family; Flavoprotein pyridine nucleotide cytochrome reductase family; Flavodoxin family,COFACTOR: Name=FAD; Xref=ChEBI:CHEBI:57692; Evidence={ECO:0000256|HAMAP-Rule:MF_03212}; Note=Binds 1 FAD per monomer. {ECO:0000256|HAMAP-Rule:MF_03212}; COFACTOR: Name=FMN; Xref=ChEBI:CHEBI:58210; Evidence={ECO:0000256|HAMAP-Rule:MF_03212}; Note=Binds 1 FMN per monomer. {ECO:0000256|HAMAP-Rule:MF_03212};,IPR003097;IPR017927;IPR001094;IPR008254;IPR001709;IPR029039;IPR039261;IPR023173;IPR001433;IPR023208;IPR017938;,True,False,False
Q673E9,Cytochrome P450 family,"COFACTOR: Name=heme; Xref=ChEBI:CHEBI:30413; Evidence={ECO:0000256|ARBA:ARBA00001971, ECO:0000256|PIRSR:PIRSR602403-1};",IPR050529;IPR001128;IPR017972;IPR002403;IPR036396;,True,True,True
Q6IV13,Cytochrome P450 family,COFACTOR: Name=heme; Xref=ChEBI:CHEBI:30413; Evidence={ECO:0000250};,IPR052306;IPR001128;IPR017972;IPR002401;IPR036396;,True,True,True
Q6LEN2,Cytochrome P450 family,"COFACTOR: Name=heme; Xref=ChEBI:CHEBI:30413; Evidence={ECO:0000256|ARBA:ARBA00001971, ECO:0000256|PIRNR:PIRNR000047, ECO:0000256|PIRSR:PIRSR000047-1};",IPR001128;IPR024204;IPR002403;IPR036396;IPR027286;,True,True,True
Q6QHJ9,Cytochrome P450 family,"COFACTOR: Name=heme; Xref=ChEBI:CHEBI:30413; Evidence={ECO:0000256|ARBA:ARBA00001971, ECO:0000256|PIRSR:PIRSR602401-1};",IPR001128;IPR017972;IPR002401;IPR036396;,True,True,True
Q6QNI4,Cytochrome P450 family,,IPR001128;IPR017972;IPR002401;IPR036396;,True,True,False
Q6R7M4,Cytochrome P450 family,COFACTOR: Name=heme; Xref=ChEBI:CHEBI:30413; Evidence={ECO:0000250|UniProtKB:P04798};,IPR001128;IPR017972;IPR002401;IPR036396;IPR050182;,True,True,True
Q6TBX7,Cytochrome P450 family,COFACTOR: Name=heme; Xref=ChEBI:CHEBI:30413; Evidence={ECO:0000269|PubMed:32513704};,IPR001128;IPR017972;IPR002401;IPR036396;IPR050196;,True,True,True
Q6TH81,Cytochrome P450 family,"COFACTOR: Name=heme; Xref=ChEBI:CHEBI:30413; Evidence={ECO:0000256|ARBA:ARBA00001971, ECO:0000256|PIRSR:PIRSR602401-1};",IPR001128;IPR017972;IPR002401;IPR036396;IPR050476;,True,True,True
Q6VVW9,Cytochrome P450 family,COFACTOR: Name=heme; Xref=ChEBI:CHEBI:30413; Evidence={ECO:0000250|UniProtKB:Q6VVX0};,IPR001128;IPR017972;IPR002401;IPR036396;IPR050182;,True,True,True
Q6VVX0,Cytochrome P450 family,COFACTOR: Name=heme; Xref=ChEBI:CHEBI:30413; Evidence={ECO:0000269|PubMed:18511070};,IPR001128;IPR017972;IPR002401;IPR036396;IPR050182;,True,True,True
Q6WG30,Cytochrome P450 family,COFACTOR: Name=heme; Xref=ChEBI:CHEBI:30413; Evidence={ECO:0000250};,IPR001128;IPR017972;IPR002401;IPR036396;,True,True,True
Q6WNQ9,Cytochrome P450 family,COFACTOR: Name=heme; Xref=ChEBI:CHEBI:30413; Evidence={ECO:0000250|UniProtKB:P04798};,IPR001128;IPR017972;IPR002401;IPR036396;IPR050651;,True,True,True
Q6WNR0,Cytochrome P450 family,COFACTOR: Name=heme; Xref=ChEBI:CHEBI:30413; Evidence={ECO:0000250|UniProtKB:P04798};,IPR001128;IPR017972;IPR002401;IPR036396;IPR050651;,True,True,True
Q6XAF4,Cytochrome P450 family,"COFACTOR: Name=heme; Xref=ChEBI:CHEBI:30413; Evidence={ECO:0000256|ARBA:ARBA00001971, ECO:0000256|PIRSR:PIRSR602401-1};",IPR001128;IPR017972;IPR002401;IPR036396;IPR044225;,True,True,True
Q6XQ14,Cytochrome P450 family,COFACTOR: Name=heme; Xref=ChEBI:CHEBI:30413; Evidence={ECO:0000250};,IPR001128;IPR017972;IPR002401;IPR036396;,True,True,True
Q6YLS3,Cytochrome P450 family,"COFACTOR: Name=heme; Xref=ChEBI:CHEBI:30413; Evidence={ECO:0000256|ARBA:ARBA00001971, ECO:0000256|PIRSR:PIRSR602401-1};",IPR001128;IPR017972;IPR002401;IPR036396;,True,True,True
Q6ZWL3,Cytochrome P450 family,COFACTOR: Name=heme; Xref=ChEBI:CHEBI:30413; Evidence={ECO:0000250|UniProtKB:P51869};,IPR001128;IPR017972;IPR002401;IPR036396;IPR050196;,True,True,True
Q767R1,Cytochrome P450 family,"COFACTOR: Name=heme; Xref=ChEBI:CHEBI:30413; Evidence={ECO:0000256|ARBA:ARBA00001971, ECO:0000256|PIRSR:PIRSR602401-1};",IPR001128;IPR002401;IPR036396;,True,True,True
Q76LL4,Cytochrome P450 family,"COFACTOR: Name=heme; Xref=ChEBI:CHEBI:30413; Evidence={ECO:0000256|ARBA:ARBA00001971, ECO:0000256|PIRSR:PIRSR602401-1};",IPR001128;IPR017972;IPR002401;IPR036396;,True,True,True
Q7XAU5,Cytochrome P450 family,"COFACTOR: Name=heme; Xref=ChEBI:CHEBI:30413; Evidence={ECO:0000256|ARBA:ARBA00001971, ECO:0000256|PIRSR:PIRSR602401-1};",IPR001128;IPR017972;IPR002401;IPR036396;,True,True,True
Q7YRB2,Cytochrome P450 family,COFACTOR: Name=heme; Xref=ChEBI:CHEBI:30413; Evidence={ECO:0000250|UniProtKB:O02766};,IPR001128;IPR024204;IPR002403;IPR036396;IPR030686;,True,True,True
Q83WG3,Cytochrome P450 family,,IPR001128;IPR002397;IPR017972;IPR036396;,True,True,False
Q84KI1,Cytochrome P450 family,,IPR001128;IPR017972;IPR002401;IPR036396;,True,True,False
Q84NG3,Cytochrome P450 family,"COFACTOR: Name=heme; Xref=ChEBI:CHEBI:30413; Evidence={ECO:0000256|ARBA:ARBA00001971, ECO:0000256|PIRSR:PIRSR602401-1};",IPR001128;IPR017972;IPR002401;IPR036396;,True,True,True
Q84QI4,Cytochrome P450 family,COFACTOR: Name=heme; Xref=ChEBI:CHEBI:30413; Evidence={ECO:0000256|PIRSR:PIRSR602401-1};,IPR001128;IPR017972;IPR002401;IPR036396;,True,True,True
Q8HYN1,Cytochrome P450 family,COFACTOR: Name=heme; Xref=ChEBI:CHEBI:30413; Evidence={ECO:0000250|UniProtKB:P05093};,IPR001128;IPR017972;IPR002401;IPR036396;,True,True,True
Q8K0C4,Cytochrome P450 family,COFACTOR: Name=heme; Xref=ChEBI:CHEBI:30413; Evidence={ECO:0000250|UniProtKB:Q16850};,IPR050529;IPR001128;IPR017972;IPR002403;IPR036396;,True,True,True
Q8NKB4,Cytochrome P450 family,,IPR001128;IPR002397;IPR017972;IPR036396;,True,True,False
Q8S9C6,Cytochrome P450 family,"COFACTOR: Name=heme; Xref=ChEBI:CHEBI:30413; Evidence={ECO:0000256|ARBA:ARBA00001971, ECO:0000256|PIRSR:PIRSR602401-1};",IPR001128;IPR017972;IPR002401;IPR036396;,True,True,True
Q8VQF6,Cytochrome P450 family,COFACTOR: Name=heme; Xref=ChEBI:CHEBI:30413; Evidence={ECO:0000269|PubMed:15260491};,IPR001128;IPR002397;IPR036396;,True,True,True
Q8VWZ7,Cytochrome P450 family,COFACTOR: Name=heme; Xref=ChEBI:CHEBI:30413; Evidence={ECO:0000250};,IPR001128;IPR017972;IPR002401;IPR036396;,True,True,True
Q8W2N5,"Cytochrome P450 family, 9-divinyl ether synthase subfamily",,IPR001128;IPR002403;IPR036396;,True,True,False
Q8W3Y5,Cytochrome P450 family,"COFACTOR: Name=heme; Xref=ChEBI:CHEBI:30413; Evidence={ECO:0000256|ARBA:ARBA00001971, ECO:0000256|PIRSR:PIRSR602401-1};",IPR001128;IPR017972;IPR002401;IPR036396;,True,True,True
Q8W4T9,Cytochrome P450 family,COFACTOR: Name=heme; Xref=ChEBI:CHEBI:30413; Evidence={ECO:0000250};,IPR001128;IPR017972;IPR002401;IPR036396;,True,True,True
Q8WND8,Cytochrome P450 family,COFACTOR: Name=heme; Xref=ChEBI:CHEBI:30413; Evidence={ECO:0000256|ARBA:ARBA00001971};,IPR050479;IPR001128;IPR002399;IPR036396;,True,True,True
Q93XR3,Cytochrome P450 family,,IPR001128;IPR036396;,True,True,False
Q93ZB2,Cytochrome P450 family,COFACTOR: Name=heme; Xref=ChEBI:CHEBI:30413; Evidence={ECO:0000250};,IPR001128;IPR017972;IPR002401;IPR036396;IPR044225;,True,True,True
Q94FM7,Cytochrome P450 family,COFACTOR: Name=heme; Xref=ChEBI:CHEBI:30413;,IPR052306;IPR001128;IPR017972;IPR002401;IPR036396;,True,True,True
Q94IA6,Cytochrome P450 family,COFACTOR: Name=heme; Xref=ChEBI:CHEBI:30413; Evidence={ECO:0000250|UniProtKB:Q96242};,IPR001128;IPR017972;IPR002401;IPR036396;,True,True,True
Q95328,Cytochrome P450 family,COFACTOR: Name=heme; Xref=ChEBI:CHEBI:30413; Evidence={ECO:0000250|UniProtKB:P05093};,IPR001128;IPR017972;IPR002401;IPR036396;,True,True,True
Q96WS9,Cytochrome P450 family,,IPR001128;IPR002397;IPR017972;IPR036396;,True,True,False
Q9AR74,Cytochrome P450 family,COFACTOR: Name=heme; Xref=ChEBI:CHEBI:30413; Evidence={ECO:0000250|UniProtKB:Q94IP1};,IPR001128;IPR017972;IPR002401;IPR036396;,True,True,True
Q9AVQ1,"Cytochrome P450 family, 9-divinyl ether synthase subfamily",,IPR001128;IPR002403;IPR036396;,True,True,False
Q9AXH9,Cytochrome P450 family,COFACTOR: Name=heme; Xref=ChEBI:CHEBI:30413; Evidence={ECO:0000250|UniProtKB:P04798};,IPR001128;IPR017972;IPR002401;IPR036396;,True,True,True
Q9AXM6,Cytochrome P450 family,COFACTOR: Name=heme; Xref=ChEBI:CHEBI:30413; Evidence={ECO:0000250};,IPR001128;IPR017972;IPR002401;IPR036396;,True,True,True
Q9DBX6,Cytochrome P450 family,COFACTOR: Name=heme; Xref=ChEBI:CHEBI:30413; Evidence={ECO:0000250};,IPR001128;IPR002401;IPR008067;IPR036396;IPR050182;,True,True,True
Q9EP75,Cytochrome P450 family,COFACTOR: Name=heme; Xref=ChEBI:CHEBI:30413; Evidence={ECO:0000250|UniProtKB:P51869};,IPR001128;IPR017972;IPR002401;IPR036396;IPR050196;,True,True,True
Q9FH76,Cytochrome P450 family,COFACTOR: Name=heme; Xref=ChEBI:CHEBI:30413; Evidence={ECO:0000250};,IPR001128;IPR017972;IPR002401;IPR036396;,True,True,True
Q9FMV7,Cytochrome P450 family,COFACTOR: Name=heme; Xref=ChEBI:CHEBI:30413; Evidence={ECO:0000250|UniProtKB:Q96242};,IPR001128;IPR002401;IPR036396;,True,True,True
Q9FPM6,"Cytochrome P450 family, 9-divinyl ether synthase subfamily",,IPR001128;IPR002403;IPR036396;,True,True,False
Q9FPN2,Cytochrome P450 family,"COFACTOR: Name=heme; Xref=ChEBI:CHEBI:30413; Evidence={ECO:0000256|ARBA:ARBA00001971, ECO:0000256|PIRSR:PIRSR602401-1};",IPR001128;IPR017972;IPR002401;IPR036396;,True,True,True
Q9FPN4,Cytochrome P450 family,"COFACTOR: Name=heme; Xref=ChEBI:CHEBI:30413; Evidence={ECO:0000256|ARBA:ARBA00001971, ECO:0000256|PIRSR:PIRSR602401-1};",IPR001128;IPR017972;IPR002401;IPR036396;,True,True,True
Q9FPN5,Cytochrome P450 family,"COFACTOR: Name=heme; Xref=ChEBI:CHEBI:30413; Evidence={ECO:0000256|ARBA:ARBA00001971, ECO:0000256|PIRSR:PIRSR602401-1};",IPR001128;IPR017972;IPR002401;IPR036396;,True,True,True
Q9FS35,Cytochrome P450 family,"COFACTOR: Name=heme; Xref=ChEBI:CHEBI:30413; Evidence={ECO:0000256|ARBA:ARBA00001971, ECO:0000256|PIRSR:PIRSR602401-1};",IPR001128;IPR017972;IPR002401;IPR036396;,True,True,True
Q9GJX5,Cytochrome P450 family,COFACTOR: Name=heme; Xref=ChEBI:CHEBI:30413; Evidence={ECO:0000250};,IPR001128;IPR017972;IPR002401;IPR036396;IPR050196;,True,True,True
Q9GMC7,Cytochrome P450 family,COFACTOR: Name=heme; Xref=ChEBI:CHEBI:30413; Evidence={ECO:0000250|UniProtKB:P05093};,IPR001128;IPR017972;IPR002401;IPR036396;,True,True,True
Q9GMC8,Cytochrome P450 family,COFACTOR: Name=heme; Xref=ChEBI:CHEBI:30413; Evidence={ECO:0000250|UniProtKB:P05093};,IPR001128;IPR017972;IPR002401;IPR036396;,True,True,True
Q9JKJ9,Cytochrome P450 family,COFACTOR: Name=heme; Xref=ChEBI:CHEBI:30413; Evidence={ECO:0000250|UniProtKB:Q16850};,IPR050529;IPR001128;IPR024204;IPR002403;IPR036396;,True,True,True
Q9LLB0,Cytochrome P450 family,COFACTOR: Name=heme b; Xref=ChEBI:CHEBI:60344; Evidence={ECO:0000250|UniProtKB:Q96242};,IPR001128;IPR002403;IPR036396;,True,True,True
Q9LNJ4,Cytochrome P450 family,COFACTOR: Name=heme; Xref=ChEBI:CHEBI:30413; Evidence={ECO:0000250};,IPR001128;IPR017972;IPR002401;IPR036396;,True,True,True
Q9LSF8,Cytochrome P450 family,COFACTOR: Name=heme; Xref=ChEBI:CHEBI:30413; Evidence={ECO:0000250|UniProtKB:P04798};,IPR001128;IPR017972;IPR002401;IPR036396;IPR050651;,True,True,True
Q9LW27,Cytochrome P450 family,,IPR001128;IPR017972;IPR002401;IPR036396;IPR050193;,True,True,False
Q9M7B8,Cytochrome P450 family,COFACTOR: Name=heme; Xref=ChEBI:CHEBI:30413; Evidence={ECO:0000250|UniProtKB:Q96242};,IPR001128;IPR017972;IPR002401;IPR036396;,True,True,True
Q9N0U7,Cytochrome P450 family,COFACTOR: Name=heme; Xref=ChEBI:CHEBI:30413; Evidence={ECO:0000250|UniProtKB:P05093};,IPR001128;IPR017972;IPR002401;IPR036396;,True,True,True
Q9SB21,Cytochrome P450 family,COFACTOR: Name=heme; Xref=ChEBI:CHEBI:30413; Evidence={ECO:0000256|ARBA:ARBA00001971};,IPR001128;IPR002401;IPR036396;,True,True,True
Q9SC11,Cytochrome P450 family,,IPR050529;IPR036396;,True,True,False
Q9SD85,Cytochrome P450 family,COFACTOR: Name=heme; Xref=ChEBI:CHEBI:30413; Evidence={ECO:0000250};,IPR001128;IPR017972;IPR002401;IPR036396;,True,True,True
Q9SP06,Cytochrome P450 family,COFACTOR: Name=heme; Xref=ChEBI:CHEBI:30413; Evidence={ECO:0000250|UniProtKB:P04798};,IPR001128;IPR017972;IPR002401;IPR036396;,True,True,True
Q9SSX5,Cytochrome P450 family,"COFACTOR: Name=heme; Xref=ChEBI:CHEBI:30413; Evidence={ECO:0000256|ARBA:ARBA00001971, ECO:0000256|PIRSR:PIRSR602401-1};",IPR001128;IPR017972;IPR002401;IPR036396;,True,True,True
Q9SWJ4,Cytochrome P450 family,COFACTOR: Name=heme; Xref=ChEBI:CHEBI:30413; Evidence={ECO:0000256|ARBA:ARBA00001971};,IPR001128;IPR002401;IPR008066;IPR036396;,True,True,True
Q9SWR5,Cytochrome P450 family,COFACTOR: Name=heme; Xref=ChEBI:CHEBI:30413; Evidence={ECO:0000250};,IPR001128;IPR017972;IPR002401;IPR036396;,True,True,True
Q9SXS3,Cytochrome P450 family,COFACTOR: Name=heme; Xref=ChEBI:CHEBI:30413; Evidence={ECO:0000250};,IPR001128;IPR017972;IPR002401;IPR036396;,True,True,True
Q9SZ46,Cytochrome P450 family,COFACTOR: Name=heme; Xref=ChEBI:CHEBI:30413; Evidence={ECO:0000250};,IPR001128;IPR017972;IPR002401;IPR036396;IPR050651;,True,True,True
Q9UNU6,Cytochrome P450 family,COFACTOR: Name=heme; Xref=ChEBI:CHEBI:30413; Evidence={ECO:0000250|UniProtKB:O02766};,IPR001128;IPR024204;IPR002403;IPR036396;IPR030686;,True,True,True
Q9URR6,Cytochrome P450 family,COFACTOR: Name=heme; Xref=ChEBI:CHEBI:30413; Evidence={ECO:0000256|PIRSR:PIRSR602401-1};,IPR001128;IPR002401;IPR036396;IPR050364;,True,True,True
Q9VUF8,Cytochrome P450 family,COFACTOR: Name=heme; Xref=ChEBI:CHEBI:30413;,IPR050479;IPR001128;IPR017972;IPR002401;IPR036396;,True,True,True
Q9WVK8,Cytochrome P450 family,COFACTOR: Name=heme; Xref=ChEBI:CHEBI:30413; Evidence={ECO:0000250|UniProtKB:Q9Y6A2};,IPR039983;IPR001128;IPR017972;IPR002401;IPR036396;,True,True,True
Q9XHC6,Cytochrome P450 family,COFACTOR: Name=heme; Xref=ChEBI:CHEBI:30413; Evidence={ECO:0000250};,IPR001128;IPR017972;IPR002401;IPR036396;,True,True,True
Q9XHE8,Cytochrome P450 family,COFACTOR: Name=heme; Xref=ChEBI:CHEBI:30413; Evidence={ECO:0000250};,IPR052306;IPR001128;IPR017972;IPR002401;IPR036396;,True,True,True
Q9XS57,Cytochrome P450 family,"COFACTOR: Name=heme; Xref=ChEBI:CHEBI:30413; Evidence={ECO:0000256|ARBA:ARBA00001971, ECO:0000256|PIRSR:PIRSR602401-1};",IPR050479;IPR001128;IPR017972;IPR002401;IPR036396;,True,True,True
Q9Y6A2,Cytochrome P450 family,"COFACTOR: Name=heme; Xref=ChEBI:CHEBI:30413; Evidence={ECO:0000269|PubMed:18621681, ECO:0000269|PubMed:20667828, ECO:0000269|PubMed:23288837};",IPR039983;IPR001128;IPR017972;IPR002401;IPR036396;,True,True,True
Q9Y7C8,Cytochrome P450 family,COFACTOR: Name=heme; Xref=ChEBI:CHEBI:30413; Evidence={ECO:0000250|UniProtKB:P04798}; Note=Binds 1 heme group per subunit. {ECO:0000250|UniProtKB:P04798};,IPR001128;IPR002401;IPR036396;,True,True,True
Q9ZAU3,Cytochrome P450 family,COFACTOR: Name=heme; Xref=ChEBI:CHEBI:30413; Evidence={ECO:0000250};,IPR001128;IPR002397;IPR017972;IPR036396;,True,True,True
Q9ZUX1,Cytochrome P450 family,COFACTOR: Name=heme; Xref=ChEBI:CHEBI:30413; Evidence={ECO:0000250|UniProtKB:Q96242};,IPR001128;IPR002401;IPR036396;,True,True,True
R4X4I5,Cytochrome P450 family,"COFACTOR: Name=heme; Xref=ChEBI:CHEBI:30413; Evidence={ECO:0000256|ARBA:ARBA00001971, ECO:0000256|PIRSR:PIRSR602401-1};",IPR001128;IPR017972;IPR002401;IPR036396;,True,True,True
S4UX02,Cytochrome P450 family,COFACTOR: Name=heme; Xref=ChEBI:CHEBI:30413; Evidence={ECO:0000269|PubMed:30837155};,IPR001128;IPR017972;IPR002401;IPR036396;,True,True,True
T1NXM5,Cytochrome P450 family,"COFACTOR: Name=heme; Xref=ChEBI:CHEBI:30413; Evidence={ECO:0000256|ARBA:ARBA00001971, ECO:0000256|PIRSR:PIRSR602401-1};",IPR001128;IPR017972;IPR002401;IPR036396;,True,True,True
U3LXJ8,Cytochrome P450 family,"COFACTOR: Name=heme; Xref=ChEBI:CHEBI:30413; Evidence={ECO:0000256|ARBA:ARBA00001971, ECO:0000256|PIRSR:PIRSR602401-1};",IPR001128;IPR017972;IPR002401;IPR036396;,True,True,True
U5NDT8,Cytochrome P450 family,COFACTOR: Name=heme; Xref=ChEBI:CHEBI:30413; Evidence={ECO:0000250|UniProtKB:Q94IP1};,IPR001128;IPR017972;IPR002401;IPR036396;IPR050665;,True,True,True
U5NE19,Cytochrome P450 family,,IPR001128;IPR017972;IPR002401;IPR036396;IPR050665;,True,True,False
U5YM12,Cytochrome P450 family,COFACTOR: Name=heme; Xref=ChEBI:CHEBI:30413; Evidence={ECO:0000256|ARBA:ARBA00001971};,IPR001128;IPR002397;IPR017972;IPR036396;,True,True,True
U6NHS3,Cytochrome P450 family,"COFACTOR: Name=heme; Xref=ChEBI:CHEBI:30413; Evidence={ECO:0000256|ARBA:ARBA00001971, ECO:0000256|PIRSR:PIRSR602401-1};",IPR001128;IPR017972;IPR002401;IPR036396;,True,True,True
V5K5L7,Cytochrome P450 family,"COFACTOR: Name=heme; Xref=ChEBI:CHEBI:30413; Evidence={ECO:0000256|ARBA:ARBA00001971, ECO:0000256|PIRSR:PIRSR602401-1};",IPR050479;IPR001128;IPR017972;IPR002401;IPR036396;,True,True,True
W0FKI0,Cytochrome P450 family,COFACTOR: Name=heme; Xref=ChEBI:CHEBI:30413; Evidence={ECO:0000250|UniProtKB:Q96242};,IPR001128;IPR017972;IPR002401;IPR036396;,True,True,True
W6RGX9,Cytochrome P450 family,COFACTOR: Name=heme; Xref=ChEBI:CHEBI:30413; Evidence={ECO:0000256|ARBA:ARBA00001971};,IPR001128;IPR002397;IPR017972;IPR036396;,True,True,True
W8JIS5,Cytochrome P450 family,,IPR001128;IPR017972;IPR002401;IPR036396;,True,True,False
W9SPF5,Cytochrome P450 family,COFACTOR: Name=heme; Xref=ChEBI:CHEBI:30413; Evidence={ECO:0000256|PIRSR:PIRSR602401-1};,IPR001128;IPR017972;IPR002401;IPR036396;,True,True,True
X2JE85,Cytochrome P450 family,COFACTOR: Name=heme; Xref=ChEBI:CHEBI:30413; Evidence={ECO:0000250|UniProtKB:P04798};,IPR001128;IPR017972;IPR002401;IPR036396;,True,True,True
