pdb_id,entity_id,title,resolution,experimental_method,organism_name,ncbi_taxonomy_id,uniprot_ids,sequence,sequence_length,ligands,species_category,old_species_category
1CL6,1,CRYSTAL STRUCTURES OF FERRIC-NO COMPLEXES OF FUNGAL NITRIC OXIDE REDUCTASE AND ITS SER286 MUTANTS AT CRYOGENIC TEMPERATURE,1.7,X-ray,Fusarium oxysporum,5507,"[""P23295""]",ASGAPSFPFSRASGPEPPAEFAKLRATNPVSQVKLFDGSLAWLVTKHKDVCFVATSEKLSKVRTRQGFPELSASGKQAAKAKPTFVDMDPPEHMHQRSMVEPTFTPEAVKNLQPYIQRTVDDLLEQMKQKGCANGPVDLVKEFALPVPSYIIYTLLGVPFNDLEYLTQQNAIRTNGSSTAREASAANQELLDYLAILVEQRLVEPKDDIISKLCTEQVKPGNIDKSDAVQIAFLLLVAGNATMVNMIALGVATLAQHPDQLAQLKANPSLAPQFVEELCRYHTASALAIKRTAKEDVMIGDKLVRANEGIIASNQSANRDEEVFENPDEFNMNRKWPPQDPLGFGFGDHRCIAEHLAKAELTTVFSTLYQKFPDLKVAVPLGKINYTPLNRDVGIVDLPVIF,402,NO:NITRIC OXIDE; HEM:PROTOPORPHYRIN IX CONTAINING FE,fungi,fungi
1CMJ,1,CRYSTAL STRUCTURES OF FERRIC-NO COMPLEXES OF FUNGAL NITRIC OXIDE REDUCTASE AND THEIR SER286 MUTANTS AT CRYOGENIC TEMPERATURE,1.7,X-ray,Fusarium oxysporum,5507,"[""P23295""]",ASGAPSFPFSRASGPEPPAEFAKLRATNPVSQVKLFDGSLAWLVTKHKDVCFVATSEKLSKVRTRQGFPELSASGKQAAKAKPTFVDMDPPEHMHQRSMVEPTFTPEAVKNLQPYIQRTVDDLLEQMKQKGCANGPVDLVKEFALPVPSYIIYTLLGVPFNDLEYLTQQNAIRTNGSSTAREASAANQELLDYLAILVEQRLVEPKDDIISKLCTEQVKPGNIDKSDAVQIAFLLLVAGNATMVNMIALGVATLAQHPDQLAQLKANPSLAPQFVEELCRYHTATALAIKRTAKEDVMIGDKLVRANEGIIASNQSANRDEEVFENPDEFNMNRKWPPQDPLGFGFGDHRCIAEHLAKAELTTVFSTLYQKFPDLKVAVPLGKINYTPLNRDVGIVDLPVIF,402,NO:NITRIC OXIDE; HEM:PROTOPORPHYRIN IX CONTAINING FE,fungi,fungi
1CMN,1,CRYSTAL STRUCTURES OF FERRIC-NO COMPLEXES OF FUNGAL NITRIC OXIDE REDUCTASE AND THEIR SER286 MUTANTS AT CRYOGENIC TEMPERATURE,1.7,X-ray,Fusarium oxysporum,5507,"[""P23295""]",ASGAPSFPFSRASGPEPPAEFAKLRATNPVSQVKLFDGSLAWLVTKHKDVCFVATSEKLSKVRTRQGFPELSASGKQAAKAKPTFVDMDPPEHMHQRSMVEPTFTPEAVKNLQPYIQRTVDDLLEQMKQKGCANGPVDLVKEFALPVPSYIIYTLLGVPFNDLEYLTQQNAIRTNGSSTAREASAANQELLDYLAILVEQRLVEPKDDIISKLCTEQVKPGNIDKSDAVQIAFLLLVAGNATMVNMIALGVATLAQHPDQLAQLKANPSLAPQFVEELCRYHTAVALAIKRTAKEDVMIGDKLVRANEGIIASNQSANRDEEVFENPDEFNMNRKWPPQDPLGFGFGDHRCIAEHLAKAELTTVFSTLYQKFPDLKVAVPLGKINYTPLNRDVGIVDLPVIF,402,HEM:PROTOPORPHYRIN IX CONTAINING FE; NO:NITRIC OXIDE,fungi,fungi
1EHE,1,"CRYSTAL STRUCTURES OF CYTOCHROME P450NOR AND ITS MUTANTS (SER286 VAL, THR) IN THE FERRIC RESTING STATE AT CRYOGENIC TEMPERATURE: A COMPARATIVE ANALYSIS WITH MONOOXYGENASE CYTOCHROME P450S",1.7,X-ray,Fusarium oxysporum,5507,"[""P23295""]",MASGAPSFPFSRASGPEPPAEFAKLRATNPVSQVKLFDGSLAWLVTKHKDVCFVATSEKLSKVRTRQGFPELSASGKQAAKAKPTFVDMDPPEHMHQRSMVEPTFTPEAVKNLQPYIQRTVDDLLEQMKQKGCANGPVDLVKEFALPVPSYIIYTLLGVPFNDLEYLTQQNAIRTNGSSTAREASAANQELLDYLAILVEQRLVEPKDDIISKLCTEQVKPGNIDKSDAVQIAFLLLVAGNATMVNMIALGVATLAQHPDQLAQLKANPSLAPQFVEELCRYHTASALAIKRTAKEDVMIGDKLVRANEGIIASNQSANRDEEVFENPDEFNMNRKWPPQDPLGFGFGDHRCIAEHLAKAELTTVFSTLYQKFPDLKVAVPLGKINYTPLNRDVGIVDLPVIF,403,HEM:PROTOPORPHYRIN IX CONTAINING FE,fungi,fungi
1EHF,1,"CRYSTAL STRUCTURES OF CYTOCHROME P450NOR AND ITS MUTANTS (SER286 VAL, THR) IN THE FERRIC RESTING STATE AT CRYOGENIC TEMPERATURE: A COMPARATIVE ANALYSIS WITH MONOOXYGENASE CYTOCHROME P450S",1.7,X-ray,Fusarium oxysporum,5507,"[""P23295""]",MASGAPSFPFSRASGPEPPAEFAKLRATNPVSQVKLFDGSLAWLVTKHKDVCFVATSEKLSKVRTRQGFPELSASGKQAAKAKPTFVDMDPPEHMHQRSMVEPTFTPEAVKNLQPYIQRTVDDLLEQMKQKGCANGPVDLVKEFALPVPSYIIYTLLGVPFNDLEYLTQQNAIRTNGSSTAREASAANQELLDYLAILVEQRLVEPKDDIISKLCTEQVKPGNIDKSDAVQIAFLLLVAGNATMVNMIALGVATLAQHPDQLAQLKANPSLAPQFVEELCRYHTATALAIKRTAKEDVMIGDKLVRANEGIIASNQSANRDEEVFENPDEFNMNRKWPPQDPLGFGFGDHRCIAEHLAKAELTTVFSTLYQKFPDLKVAVPLGKINYTPLNRDVGIVDLPVIF,403,HEM:PROTOPORPHYRIN IX CONTAINING FE,fungi,fungi
1EHG,1,"CRYSTAL STRUCTURES OF CYTOCHROME P450NOR AND ITS MUTANTS (SER286 VAL, THR) IN THE FERRIC RESTING STATE AT CRYOGENIC TEMPERATURE: A COMPARATIVE ANALYSIS WITH MONOOXYGENASE CYTOCHROME P450S",1.7,X-ray,Fusarium oxysporum,5507,"[""P23295""]",MASGAPSFPFSRASGPEPPAEFAKLRATNPVSQVKLFDGSLAWLVTKHKDVCFVATSEKLSKVRTRQGFPELSASGKQAAKAKPTFVDMDPPEHMHQRSMVEPTFTPEAVKNLQPYIQRTVDDLLEQMKQKGCANGPVDLVKEFALPVPSYIIYTLLGVPFNDLEYLTQQNAIRTNGSSTAREASAANQELLDYLAILVEQRLVEPKDDIISKLCTEQVKPGNIDKSDAVQIAFLLLVAGNATMVNMIALGVATLAQHPDQLAQLKANPSLAPQFVEELCRYHTAVALAIKRTAKEDVMIGDKLVRANEGIIASNQSANRDEEVFENPDEFNMNRKWPPQDPLGFGFGDHRCIAEHLAKAELTTVFSTLYQKFPDLKVAVPLGKINYTPLNRDVGIVDLPVIF,403,HEM:PROTOPORPHYRIN IX CONTAINING FE,fungi,fungi
1F24,1,CRYSTAL STRUCTURE OF NO COMPLEX OF THR243ALA MUTANTS OF CYTOCHROME P450NOR,1.4,X-ray,Fusarium oxysporum,5507,"[""P23295""]",ASGAPSFPFSRASGPEPPAEFAKLRATNPVSQVKLFDGSLAWLVTKHKDVCFVATSEKLSKVRTRQGFPELSASGKQAAKAKPTFVDMDPPEHMHQRSMVEPTFTPEAVKNLQPYIQRTVDDLLEQMKQKGCANGPVDLVKEFALPVPSYIIYTLLGVPFNDLEYLTQQNAIRTNGSSTAREASAANQELLDYLAILVEQRLVEPKDDIISKLCTEQVKPGNIDKSDAVQIAFLLLVAGNAAMVNMIALGVATLAQHPDQLAQLKANPSLAPQFVEELCRYHTASALAIKRTAKEDVMIGDKLVRANEGIIASNQSANRDEEVFENPDEFNMNRKWPPQDPLGFGFGDHRCIAEHLAKAELTTVFSTLYQKFPDLKVAVPLGKINYTPLNRDVGIVDLPVIF,402,GOL:GLYCEROL; NO:NITRIC OXIDE; HEM:PROTOPORPHYRIN IX CONTAINING FE,fungi,fungi
1F25,1,CRYSTAL STRUCTURE OF NO COMPLEX OF THR243ASN MUTANTS OF CYTOCHROME P450NOR,1.4,X-ray,Fusarium oxysporum,5507,"[""P23295""]",ASGAPSFPFSRASGPEPPAEFAKLRATNPVSQVKLFDGSLAWLVTKHKDVCFVATSEKLSKVRTRQGFPELSASGKQAAKAKPTFVDMDPPEHMHQRSMVEPTFTPEAVKNLQPYIQRTVDDLLEQMKQKGCANGPVDLVKEFALPVPSYIIYTLLGVPFNDLEYLTQQNAIRTNGSSTAREASAANQELLDYLAILVEQRLVEPKDDIISKLCTEQVKPGNIDKSDAVQIAFLLLVAGNANMVNMIALGVATLAQHPDQLAQLKANPSLAPQFVEELCRYHTASALAIKRTAKEDVMIGDKLVRANEGIIASNQSANRDEEVFENPDEFNMNRKWPPQDPLGFGFGDHRCIAEHLAKAELTTVFSTLYQKFPDLKVAVPLGKINYTPLNRDVGIVDLPVIF,402,NO:NITRIC OXIDE; GOL:GLYCEROL; HEM:PROTOPORPHYRIN IX CONTAINING FE,fungi,fungi
1F26,1,CRYSTAL STRUCTURE OF NO COMPLEX OF THR243VAL MUTANTS OF CYTOCHROME P450NOR,1.4,X-ray,Fusarium oxysporum,5507,"[""P23295""]",ASGAPSFPFSRASGPEPPAEFAKLRATNPVSQVKLFDGSLAWLVTKHKDVCFVATSEKLSKVRTRQGFPELSASGKQAAKAKPTFVDMDPPEHMHQRSMVEPTFTPEAVKNLQPYIQRTVDDLLEQMKQKGCANGPVDLVKEFALPVPSYIIYTLLGVPFNDLEYLTQQNAIRTNGSSTAREASAANQELLDYLAILVEQRLVEPKDDIISKLCTEQVKPGNIDKSDAVQIAFLLLVAGNAVMVNMIALGVATLAQHPDQLAQLKANPSLAPQFVEELCRYHTASALAIKRTAKEDVMIGDKLVRANEGIIASNQSANRDEEVFENPDEFNMNRKWPPQDPLGFGFGDHRCIAEHLAKAELTTVFSTLYQKFPDLKVAVPLGKINYTPLNRDVGIVDLPVIF,402,HEM:PROTOPORPHYRIN IX CONTAINING FE; NO:NITRIC OXIDE; GOL:GLYCEROL,fungi,fungi
1GED,1,A positive charge route for the access of nadh to heme formed in the distal heme pocket of cytochrome p450nor,2.0,X-ray,Fusarium oxysporum,5507,"[""P23295""]",MASGAPSFPFSRASGPEPPAEFAKLRATNPVSQVKLFDGSLAWLVTKHKDVCFVATSEKLSKVRTRQGFPELSASGKQAAKAKPTFVDMDPPEHMHQRSMVEPTFTPEAVKNLQPYIQRTVDDLLEQMKQKGCANGPVDLVKEFALPVPSYIIYTLLGVPFNDLEYLTQQNAIRTNGSSTAREASAANQELLDYLAILVEQRLVEPKDDIISKLCTEQVKPGNIDKSDAVQIAFLLLVAGNATMVNMIALGVATLAQHPDQLAQLKANPSLAPQFVEELCRYHTASALAIKRTAKEDVMIGDKLVRANEGIIASNQSANRDEEVFENPDEFNMNRKWPPQDPLGFGFGDHRCIAEHLAKAELTTVFSTLYQKFPDLKVAVPLGKINYTPLNRDVGIVDLPVIF,403,BR:BROMIDE ION; HEM:PROTOPORPHYRIN IX CONTAINING FE,fungi,fungi
1GEI,1,STRUCTURAL CHARACTERIZATION OF N-BUTYL-ISOCYANIDE COMPLEXES OF CYTOCHROMES P450NOR AND P450CAM,1.6,X-ray,Fusarium oxysporum,5507,"[""P23295""]",MASGAPSFPFSRASGPEPPAEFAKLRATNPVSQVKLFDGSLAWLVTKHKDVCFVATSEKLSKVRTRQGFPELSASGKQAAKAKPTFVDMDPPEHMHQRSMVEPTFTPEAVKNLQPYIQRTVDDLLEQMKQKGCANGPVDLVKEFALPVPSYIIYTLLGVPFNDLEYLTQQNAIRTNGSSTAREASAANQELLDYLAILVEQRLVEPKDDIISKLCTEQVKPGNIDKSDAVQIAFLLLVAGNATMVNMIALGVATLAQHPDQLAQLKANPSLAPQFVEELCRYHTASALAIKRTAKEDVMIGDKLVRANEGIIASNQSANRDEEVFENPDEFNMNRKWPPQDPLGFGFGDHRCIAEHLAKAELTTVFSTLYQKFPDLKVAVPLGKINYTPLNRDVGIVDLPVIF,403,HEM:PROTOPORPHYRIN IX CONTAINING FE; NBN:N-BUTYL ISOCYANIDE,fungi,fungi
1GEJ,1,STRUCTURAL CHARACTERIZATION OF N-BUTYL-ISOCYANIDE COMPLEXES OF CYTOCHROMES P450NOR AND P450CAM,1.5,X-ray,Fusarium oxysporum,5507,"[""P23295""]",MASGAPSFPFSRASGPEPPAEFAKLRATNPVSQVKLFDGSLAWLVTKHKDVCFVATSEKLSKVRTRQGFPELSASGKQAAKAKPTFVDMDPPEHMHQRSMVEPTFTPEAVKNLQPYIQRTVDDLLEQMKQKGCANGPVDLVKEFALPVPSYIIYTLLGVPFNDLEYLTQQNAIRTNGSSTAREASAANQELLDYLAILVEQRLVEPKDDIISKLCTEQVKPGNIDKSDAVQIAFLLLVAGNATMVNMIALGVATLAQHPDQLAQLKANPSLAPQFVEELCRYHTASALAIKRTAKEDVMIGDKLVRANEGIIASNQSANRDEEVFENPDEFNMNRKWPPQDPLGFGFGDHRCIAEHLAKAELTTVFSTLYQKFPDLKVAVPLGKINYTPLNRDVGIVDLPVIF,403,HEM:PROTOPORPHYRIN IX CONTAINING FE; NBN:N-BUTYL ISOCYANIDE,fungi,fungi
1JFB,1,X-ray structure of nitric oxide reductase (cytochrome P450nor) in the ferric resting state at atomic resolution,1.0,X-ray,Fusarium oxysporum,5507,"[""P23295""]",TMASGAPSFPFSRASGPEPPAEFAKLRATNPVSQVKLFDGSLAWLVTKHKDVCFVATSEKLSKVRTRQGFPELSASGKQAAKAKPTFVDMDPPEHMHQRSMVEPTFTPEAVKNLQPYIQRTVDDLLEQMKQKGCANGPVDLVKEFALPVPSYIIYTLLGVPFNDLEYLTQQNAIRTNGSSTAREASAANQELLDYLAILVEQRLVEPKDDIISKLCTEQVKPGNIDKSDAVQIAFLLLVAGNATMVNMIALGVATLAQHPDQLAQLKANPSLAPQFVEELCRYHTASALAIKRTAKEDVMIGDKLVRANEGIIASNQSANRDEEVFENPDEFNMNRKWPPQDPLGFGFGDHRCIAEHLAKAELTTVFSTLYQKFPDLKVAVPLGKINYTPLNRDVGIVDLPVIF,404,GOL:GLYCEROL; HEM:PROTOPORPHYRIN IX CONTAINING FE,fungi,fungi
1JFC,1,X-ray structure of nitric oxide reductase (cytochrome P450nor) in the ferrous CO state at atomic resolution,1.05,X-ray,Fusarium oxysporum,5507,"[""P23295""]",TMASGAPSFPFSRASGPEPPAEFAKLRATNPVSQVKLFDGSLAWLVTKHKDVCFVATSEKLSKVRTRQGFPELSASGKQAAKAKPTFVDMDPPEHMHQRSMVEPTFTPEAVKNLQPYIQRTVDDLLEQMKQKGCANGPVDLVKEFALPVPSYIIYTLLGVPFNDLEYLTQQNAIRTNGSSTAREASAANQELLDYLAILVEQRLVEPKDDIISKLCTEQVKPGNIDKSDAVQIAFLLLVAGNATMVNMIALGVATLAQHPDQLAQLKANPSLAPQFVEELCRYHTASALAIKRTAKEDVMIGDKLVRANEGIIASNQSANRDEEVFENPDEFNMNRKWPPQDPLGFGFGDHRCIAEHLAKAELTTVFSTLYQKFPDLKVAVPLGKINYTPLNRDVGIVDLPVIF,404,GOL:GLYCEROL; CMO:CARBON MONOXIDE; HEM:PROTOPORPHYRIN IX CONTAINING FE,fungi,fungi
1ROM,1,CRYSTAL STRUCTURE OF NITRIC REDUCTASE FROM DENITRIFYING FUNGUS FUSARIUM OXYSPORUM,2.0,X-ray,Fusarium oxysporum,5507,"[""P23295""]",MASGAPSFPFSRASGPEPPAEFAKLRATNPVSQVKLFDGSLAWLVTKHKDVCFVATSEKLSKVRTRQGFPELSASGKQAAKAKPTFVDMDPPEHMHQRSMVEPTFTPEAVKNLQPYIQRTVDDLLEQMKQKGCANGPVDLVKEFALPVPSYIIYTLLGVPFNDLEYLTQQNAIRTNGSSTAREASAANQELLDYLAILVEQRLVEPKDDIISKLCTEQVKPGNIDKSDAVQIAFLLLVAGNATMVNMIALGVATLAQHPDQLAQLKANPSLAPQFVEELCRYHTASALAIKRTAKEDVMIGDKLVRANEGIIASNQSANRDEEVFENPDEFNMNRKWPPQDPLGFGFGDHRCIAEHLAKAELTTVFSTLYQKFPDLKVAVPLGKINYTPLNRDVGIVDLPVIF,403,HEM:PROTOPORPHYRIN IX CONTAINING FE,fungi,fungi
1ULW,1,Crystal structure of P450nor Ser73Gly/Ser75Gly mutant,2.0,X-ray,Fusarium oxysporum,5507,"[""P23295""]",ASGAPSFPFSRASGPEPPAEFAKLRATNPVSQVKLFDGSLAWLVTKHKDVCFVATSEKLSKVRTRQGFPELGAGGKQAAKAKPTFVDMDPPEHMHQRSMVEPTFTPEAVKNLQPYIQRTVDDLLEQMKQKGCANGPVDLVKEFALPVPSYIIYTLLGVPFNDLEYLTQQNAIRTNGSSTAREASAANQELLDYLAILVEQRLVEPKDDIISKLCTEQVKPGNIDKSDAVQIAFLLLVAGNATMVNMIALGVATLAQHPDQLAQLKANPSLAPQFVEELCRYHTASALAIKRTAKEDVMIGDKLVRANEGIIASNQSANRDEEVFENPDEFNMNRKWPPQDPLGFGFGDHRCIAEHLAKAELTTVFSTLYQKFPDLKVAVPLGKINYTPLNRDVGIVDLPVIF,402,HEM:PROTOPORPHYRIN IX CONTAINING FE,fungi,fungi
1XQD,1,Crystal structure of P450NOR complexed with 3-pyridinealdehyde adenine dinucleotide,1.8,X-ray,Fusarium oxysporum,5507,"[""P23295""]",MASGAPSFPFSRASGPEPPAEFAKLRATNPVSQVKLFDGSLAWLVTKHKDVCFVATSEKLSKVRTRQGFPELGAGGKQAAKAKPTFVDMDPPEHMHQRSMVEPTFTPEAVKNLQPYIQRTVDDLLEQMKQKGCANGPVDLVKEFALPVPSYIIYTLLGVPFNDLEYLTQQNAIRTNGSSTARQASAANQELLDYLAILVEQRLVEPKDDIISKLCTEQVKPGNIDKSDAVQIAFLLLVAGNATMVNMIALGVATLAQHPDQLAQLKANPSLAPQFVEELCRYHTASALAIKRTAKEDVMIGDKLVRANEGIIASNQSANRDEEVFENPDEFNMNRKWPPQDPLGFGFGDHRCIAEHLAKAELTTVFSTLYQKFPDLKVAVPLGKINYTPLNRDVGIVDLPVIF,403,HEM:PROTOPORPHYRIN IX CONTAINING FE; DND:NICOTINIC ACID ADENINE DINUCLEOTIDE,fungi,fungi
2ROM,1,CRYSTAL STRUCTURE OF NITRIC REDUCTASE FROM DENITRIFYING FUNGUS FUSARIUM OXYSPORUM COMPLEX WITH CARBON MONOXIDE,2.0,X-ray,Fusarium oxysporum,5507,"[""P23295""]",MASGAPSFPFSRASGPEPPAEFAKLRATNPVSQVKLFDGSLAWLVTKHKDVCFVATSEKLSKVRTRQGFPELSASGKQAAKAKPTFVDMDPPEHMHQRSMVEPTFTPEAVKNLQPYIQRTVDDLLEQMKQKGCANGPVDLVKEFALPVPSYIIYTLLGVPFNDLEYLTQQNAIRTNGSSTAREASAANQELLDYLAILVEQRLVEPKDDIISKLCTEQVKPGNIDKSDAVQIAFLLLVAGNATMVNMIALGVATLAQHPDQLAQLKANPSLAPQFVEELCRYHTASALAIKRTAKEDVMIGDKLVRANEGIIASNQSANRDEEVFENPDEFNMNRKWPPQDPLGFGFGDHRCIAEHLAKAELTTVFSTLYQKFPDLKVAVPLGKINYTPLNRDVGIVDLPVIF,403,CMO:CARBON MONOXIDE; HEM:PROTOPORPHYRIN IX CONTAINING FE,fungi,fungi
4LXJ,1,Saccharomyces cerevisiae lanosterol 14-alpha demethylase with lanosterol bound,1.9,X-ray,Saccharomyces cerevisiae,4932,"[""P10614""]",MSATKSIVGEALEYVNIGLSHFLALPLAQRISLIIIIPFIYNIVWQLLYSLRKDRPPLVFYWIPWVGSAVVYGMKPYEFFEECQKKYGDIFSFVLLGRVMTVYLGPKGHEFVFNAKLADVSAEAAYAHLTTPVFGKGVIYDCPNSRLMEQKKFVKGALTKEAFKSYVPLIAEEVYKYFRDSKNFRLNERTTGTIDVMVTQPEMTIFTASRSLLGKEMRAKLDTDFAYLYSDLDKGFTPINFVFPNLPLEHYRKRDHAQKAISGTYMSLIKERRKNNDIQDRDLIDSLMKNSTYKDGVKMTDQEIANLLIGVLMGGQHTSAATSAWILLHLAERPDVQQELYEEQMRVLDGGKKELTYDLLQEMPLLNQTIKETLRMHHPLHSLFRKVMKDMHVPNTSYVIPAGYHVLVSPGYTHLRDEYFPNAHQFNIHRWNNDSASSYSVGEEVDYGFGAISKGVSSPYLPFGGGRHRCIGEHFAYCQLGVLMSIFIRTLKWHYPEGKTVPPPDFTSMVTLPTGPAKIIWEKRNPEQKIGGRHHH,536,HEM:PROTOPORPHYRIN IX CONTAINING FE; OXY:OXYGEN MOLECULE; LAN:LANOSTEROL,fungi,fungi
4UYL,1,Crystal structure of sterol 14-alpha demethylase (CYP51B) from a pathogenic filamentous fungus Aspergillus fumigatus in complex with VNI,2.81,X-ray,Aspergillus fumigatus,746128,"[""E9QY26""]",KTPPVVFHWFPFIGSTISYGIDPYKFFFDCRAKYGDIFTFILLGKKTTVYLGTKGNDFILNGKLRDVCAEEVYSPLTTPVFGRHVVYDCPNAKLMEQKKFVKYGLTSDALRSYVPLITDEVESFVKNSPAFQGHKGVFDVCKTIAEITIYTASRSLQGKEVRSKFDSTFAELYHNLDMGFAPINFMLPWAPLPHNRKRDAAQRKLTETYMEIIKARRQAGSKKDSEDMVWNLMSCVYKNGTPVPDEEIAHMMIALLMAGQHSSSSTASWIVLRLATRPDIMEELYQEQIRVLGSDLPPLTYDNLQKLDLHAKVIKETLRLHAPIHSIIRAVKNPMAVDGTSYVIPTSHNVLSSPGVTARSEEHFPNPLEWNPHRWDENIAASAEDDEKVDYGYGLVSKGTNSPYLPFGAGRHRCIGEQFAYLQLGTITAVLVRLFRFRNLPGVDGIPDTDYSSLFSKPLGRSFVEFEKRH,470,"HEM:PROTOPORPHYRIN IX CONTAINING FE; VNI:N-[(1R)-1-(2,4-dichlorophenyl)-2-(1H-imidazol-1-yl)ethyl]-4-(5-phenyl-1,3,4-oxadiazol-2-yl)benzamide",fungi,fungi
4UYM,1,Crystal structure of sterol 14-alpha demethylase (CYP51B) from a pathogenic filamentous fungus Aspergillus fumigatus in complex with voriconazole,2.55,X-ray,Aspergillus fumigatus,746128,"[""E9QY26""]",KTPPVVFHWFPFIGSTISYGIDPYKFFFDCRAKYGDIFTFILLGKKTTVYLGTKGNDFILNGKLRDVCAEEVYSPLTTPVFGRHVVYDCPNAKLMEQKKFVKYGLTSDALRSYVPLITDEVESFVKNSPAFQGHKGVFDVCKTIAEITIYTASRSLQGKEVRSKFDSTFAELYHNLDMGFAPINFMLPWAPLPHNRKRDAAQRKLTETYMEIIKARRQAGSKKDSEDMVWNLMSCVYKNGTPVPDEEIAHMMIALLMAGQHSSSSTASWIVLRLATRPDIMEELYQEQIRVLGSDLPPLTYDNLQKLDLHAKVIKETLRLHAPIHSIIRAVKNPMAVDGTSYVIPTSHNVLSSPGVTARSEEHFPNPLEWNPHRWDENIAASAEDDEKVDYGYGLVSKGTNSPYLPFGAGRHRCIGEQFAYLQLGTITAVLVRLFRFRNLPGVDGIPDTDYSSLFSKPLGRSFVEFEKRH,470,HEM:PROTOPORPHYRIN IX CONTAINING FE; VOR:Voriconazole,fungi,fungi
4WMZ,1,S. cerevisiae CYP51 complexed with fluconazole in the active site,2.05,X-ray,Saccharomyces cerevisiae YJM789,307796,"[""A6ZSR0""]",MSATKSIVGEALEYVNIGLSHFLALPLAQRISLIIIIPFIYNIVWQLLYSLRKDRPPLVFYWIPWVGSAVVYGMKPYEFFEECQKKYGDIFSFVLLGRVMTVYLGPKGHEFVFNAKLADVSAEAAYAHLTTPVFGKGVIYDCPNSRLMEQKKFVKGALTKEAFKSYVPLIAEEVYKYFRDSKNFRLNERTTGTIDVMVTQPEMTIFTASRSLLGKEMRAKLDTDFAYLYSDLDKGFTPINFVFPNLPLEHYRKRDHAQKAISGTYMSLIKERRKNNDIQDRDLIDSLMKNSTYKDGVKMTDQEIANLLIGVLMGGQHTSAATSAWILLHLAERPDVQQELYEEQMRVLDGGKKELTYDLLQEMPLLNQTIKETLRMHHPLHSLFRKVMKDMHVPNTSYVIPAGYHVLVSPGYTHLRDEYFPNAHQFNIHRWNNDSASSYSVGEEVDYGFGAISKGVSSPYLPFGGGRHRCIGEHFAYCQLGVLMSIFIRTLKWHYPEGKTVPPPDFTSMVTLPTGPAKIIWEKRNPEQKIGGRHHHHHH,539,"TPF:2-(2,4-DIFLUOROPHENYL)-1,3-DI(1H-1,2,4-TRIAZOL-1-YL)PROPAN-2-OL; HEM:PROTOPORPHYRIN IX CONTAINING FE",fungi,fungi
4ZDY,1,Saccharomyces cerevisiae CYP51 (Lanosterol 14-alpha demethylase) Y140F mutant complexed with itraconazole,2.02,X-ray,Saccharomyces cerevisiae YJM789,307796,"[""A6ZSR0""]",MSATKSIVGEALEYVNIGLSHFLALPLAQRISLIIIIPFIYNIVWQLLYSLRKDRPPLVFYWIPWVGSAVVYGMKPYEFFEECQKKYGDIFSFVLLGRVMTVYLGPKGHEFVFNAKLADVSAEAAYAHLTTPVFGKGVIFDCPNSRLMEQKKFVKGALTKEAFKSYVPLIAEEVYKYFRDSKNFRLNERTTGTIDVMVTQPEMTIFTASRSLLGKEMRAKLDTDFAYLYSDLDKGFTPINFVFPNLPLEHYRKRDHAQKAISGTYMSLIKERRKNNDIQDRDLIDSLMKNSTYKDGVKMTDQEIANLLIGVLMGGQHTSAATSAWILLHLAERPDVQQELYEEQMRVLDGGKKELTYDLLQEMPLLNQTIKETLRMHHPLHSLFRKVMKDMHVPNTSYVIPAGYHVLVSPGYTHLRDEYFPNAHQFNIHRWNNDSASSYSVGEEVDYGFGAISKGVSSPYLPFGGGRHRCIGEHFAYCQLGVLMSIFIRTLKWHYPEGKTVPPPDFTSMVTLPTGPAKIIWEKRNPEQKIGGRHHHHHH,539,"HEM:PROTOPORPHYRIN IX CONTAINING FE; 1YN:2-[(2R)-butan-2-yl]-4-{4-[4-(4-{[(2R,4S)-2-(2,4-dichlorophenyl)-2-(1H-1,2,4-triazol-1-ylmethyl)-1,3-dioxolan-4-yl]methoxy}phenyl)piperazin-1-yl]phenyl}-2,4-dihydro-3H-1,2,4-triazol-3-one",fungi,fungi
4ZDZ,1,Saccharomyces cerevisiae CYP51 (Lanosterol 14-alpha demethylase) Y140F mutant complexed with fluconazole,2.3,X-ray,Saccharomyces cerevisiae YJM789,307796,"[""A6ZSR0""]",MSATKSIVGEALEYVNIGLSHFLALPLAQRISLIIIIPFIYNIVWQLLYSLRKDRPPLVFYWIPWVGSAVVYGMKPYEFFEECQKKYGDIFSFVLLGRVMTVYLGPKGHEFVFNAKLADVSAEAAYAHLTTPVFGKGVIFDCPNSRLMEQKKFVKGALTKEAFKSYVPLIAEEVYKYFRDSKNFRLNERTTGTIDVMVTQPEMTIFTASRSLLGKEMRAKLDTDFAYLYSDLDKGFTPINFVFPNLPLEHYRKRDHAQKAISGTYMSLIKERRKNNDIQDRDLIDSLMKNSTYKDGVKMTDQEIANLLIGVLMGGQHTSAATSAWILLHLAERPDVQQELYEEQMRVLDGGKKELTYDLLQEMPLLNQTIKETLRMHHPLHSLFRKVMKDMHVPNTSYVIPAGYHVLVSPGYTHLRDEYFPNAHQFNIHRWNNDSASSYSVGEEVDYGFGAISKGVSSPYLPFGGGRHRCIGEHFAYCQLGVLMSIFIRTLKWHYPEGKTVPPPDFTSMVTLPTGPAKIIWEKRNPEQKIGGRHHHHHH,539,"HEM:PROTOPORPHYRIN IX CONTAINING FE; TPF:2-(2,4-DIFLUOROPHENYL)-1,3-DI(1H-1,2,4-TRIAZOL-1-YL)PROPAN-2-OL",fungi,fungi
4ZE0,1,Saccharomyces cerevisiae CYP51 (Lanosterol 14-alpha demethylase) Y140F mutant complexed with Voriconazole,2.2,X-ray,Saccharomyces cerevisiae YJM789,307796,"[""A6ZSR0""]",MSATKSIVGEALEYVNIGLSHFLALPLAQRISLIIIIPFIYNIVWQLLYSLRKDRPPLVFYWIPWVGSAVVYGMKPYEFFEECQKKYGDIFSFVLLGRVMTVYLGPKGHEFVFNAKLADVSAEAAYAHLTTPVFGKGVIFDCPNSRLMEQKKFVKGALTKEAFKSYVPLIAEEVYKYFRDSKNFRLNERTTGTIDVMVTQPEMTIFTASRSLLGKEMRAKLDTDFAYLYSDLDKGFTPINFVFPNLPLEHYRKRDHAQKAISGTYMSLIKERRKNNDIQDRDLIDSLMKNSTYKDGVKMTDQEIANLLIGVLMGGQHTSAATSAWILLHLAERPDVQQELYEEQMRVLDGGKKELTYDLLQEMPLLNQTIKETLRMHHPLHSLFRKVMKDMHVPNTSYVIPAGYHVLVSPGYTHLRDEYFPNAHQFNIHRWNNDSASSYSVGEEVDYGFGAISKGVSSPYLPFGGGRHRCIGEHFAYCQLGVLMSIFIRTLKWHYPEGKTVPPPDFTSMVTLPTGPAKIIWEKRNPEQKIGGRHHHHHH,539,VOR:Voriconazole; HEM:PROTOPORPHYRIN IX CONTAINING FE,fungi,fungi
4ZE1,1,Saccharomyces cerevisiae CYP51 Y140F mutant complexed with posaconazole in the active site,2.05,X-ray,Saccharomyces cerevisiae YJM789,307796,"[""A6ZSR0""]",MSATKSIVGEALEYVNIGLSHFLALPLAQRISLIIIIPFIYNIVWQLLYSLRKDRPPLVFYWIPWVGSAVVYGMKPYEFFEECQKKYGDIFSFVLLGRVMTVYLGPKGHEFVFNAKLADVSAEAAYAHLTTPVFGKGVIFDCPNSRLMEQKKFVKGALTKEAFKSYVPLIAEEVYKYFRDSKNFRLNERTTGTIDVMVTQPEMTIFTASRSLLGKEMRAKLDTDFAYLYSDLDKGFTPINFVFPNLPLEHYRKRDHAQKAISGTYMSLIKERRKNNDIQDRDLIDSLMKNSTYKDGVKMTDQEIANLLIGVLMGGQHTSAATSAWILLHLAERPDVQQELYEEQMRVLDGGKKELTYDLLQEMPLLNQTIKETLRMHHPLHSLFRKVMKDMHVPNTSYVIPAGYHVLVSPGYTHLRDEYFPNAHQFNIHRWNNDSASSYSVGEEVDYGFGAISKGVSSPYLPFGGGRHRCIGEHFAYCQLGVLMSIFIRTLKWHYPEGKTVPPPDFTSMVTLPTGPAKIIWEKRNPEQKIGGRHHHHHH,539,HEM:PROTOPORPHYRIN IX CONTAINING FE; X2N:POSACONAZOLE,fungi,fungi
4ZE2,1,Saccharomyces cerevisiae CYP51 (Lanosterol 14-alpha demethylase) Y140H mutant complexed with itraconazole,2.3,X-ray,Saccharomyces cerevisiae YJM789,307796,"[""A6ZSR0""]",MSATKSIVGEALEYVNIGLSHFLALPLAQRISLIIIIPFIYNIVWQLLYSLRKDRPPLVFYWIPWVGSAVVYGMKPYEFFEECQKKYGDIFSFVLLGRVMTVYLGPKGHEFVFNAKLADVSAEAAYAHLTTPVFGKGVIHDCPNSRLMEQKKFVKGALTKEAFKSYVPLIAEEVYKYFRDSKNFRLNERTTGTIDVMVTQPEMTIFTASRSLLGKEMRAKLDTDFAYLYSDLDKGFTPINFVFPNLPLEHYRKRDHAQKAISGTYMSLIKERRKNNDIQDRDLIDSLMKNSTYKDGVKMTDQEIANLLIGVLMGGQHTSAATSAWILLHLAERPDVQQELYEEQMRVLDGGKKELTYDLLQEMPLLNQTIKETLRMHHPLHSLFRKVMKDMHVPNTSYVIPAGYHVLVSPGYTHLRDEYFPNAHQFNIHRWNNDSASSYSVGEEVDYGFGAISKGVSSPYLPFGGGRHRCIGEHFAYCQLGVLMSIFIRTLKWHYPEGKTVPPPDFTSMVTLPTGPAKIIWEKRNPEQKIGGRHHHHHH,539,"HEM:PROTOPORPHYRIN IX CONTAINING FE; 1YN:2-[(2R)-butan-2-yl]-4-{4-[4-(4-{[(2R,4S)-2-(2,4-dichlorophenyl)-2-(1H-1,2,4-triazol-1-ylmethyl)-1,3-dioxolan-4-yl]methoxy}phenyl)piperazin-1-yl]phenyl}-2,4-dihydro-3H-1,2,4-triazol-3-one",fungi,fungi
4ZE3,1,Saccharomyces cerevisiae CYP51 (Lanosterol 14-alpha demethylase) Y140H mutant complexed with fluconazole,2.2,X-ray,Saccharomyces cerevisiae YJM789,307796,"[""A6ZSR0""]",MSATKSIVGEALEYVNIGLSHFLALPLAQRISLIIIIPFIYNIVWQLLYSLRKDRPPLVFYWIPWVGSAVVYGMKPYEFFEECQKKYGDIFSFVLLGRVMTVYLGPKGHEFVFNAKLADVSAEAAYAHLTTPVFGKGVIHDCPNSRLMEQKKFVKGALTKEAFKSYVPLIAEEVYKYFRDSKNFRLNERTTGTIDVMVTQPEMTIFTASRSLLGKEMRAKLDTDFAYLYSDLDKGFTPINFVFPNLPLEHYRKRDHAQKAISGTYMSLIKERRKNNDIQDRDLIDSLMKNSTYKDGVKMTDQEIANLLIGVLMGGQHTSAATSAWILLHLAERPDVQQELYEEQMRVLDGGKKELTYDLLQEMPLLNQTIKETLRMHHPLHSLFRKVMKDMHVPNTSYVIPAGYHVLVSPGYTHLRDEYFPNAHQFNIHRWNNDSASSYSVGEEVDYGFGAISKGVSSPYLPFGGGRHRCIGEHFAYCQLGVLMSIFIRTLKWHYPEGKTVPPPDFTSMVTLPTGPAKIIWEKRNPEQKIGGRHHHHHH,539,"HEM:PROTOPORPHYRIN IX CONTAINING FE; TPF:2-(2,4-DIFLUOROPHENYL)-1,3-DI(1H-1,2,4-TRIAZOL-1-YL)PROPAN-2-OL",fungi,fungi
5EAB,1,Saccharomyces cerevisiae CYP51 complexed with the plant pathogen inhibitor S-tebuconazole,2.6,X-ray,Saccharomyces cerevisiae YJM789,307796,"[""A6ZSR0""]",MSATKSIVGEALEYVNIGLSHFLALPLAQRISLIIIIPFIYNIVWQLLYSLRKDRPPLVFYWIPWVGSAVVYGMKPYEFFEECQKKYGDIFSFVLLGRVMTVYLGPKGHEFVFNAKLADVSAEAAYAHLTTPVFGKGVIYDCPNSRLMEQKKFVKGALTKEAFKSYVPLIAEEVYKYFRDSKNFRLNERTTGTIDVMVTQPEMTIFTASRSLLGKEMRAKLDTDFAYLYSDLDKGFTPINFVFPNLPLEHYRKRDHAQKAISGTYMSLIKERRKNNDIQDRDLIDSLMKNSTYKDGVKMTDQEIANLLIGVLMGGQHTSAATSAWILLHLAERPDVQQELYEEQMRVLDGGKKELTYDLLQEMPLLNQTIKETLRMHHPLHSLFRKVMKDMHVPNTSYVIPAGYHVLVSPGYTHLRDEYFPNAHQFNIHRWNNDSASSYSVGEEVDYGFGAISKGVSSPYLPFGGGRHRCIGEHFAYCQLGVLMSIFIRTLKWHYPEGKTVPPPDFTSMVTLPTGPAKIIWEKRNPEQKIGGRHHHHHH,539,"HEM:PROTOPORPHYRIN IX CONTAINING FE; TBX:(3~{S})-1-(4-chlorophenyl)-4,4-dimethyl-3-(1,2,4-triazol-1-ylmethyl)pentan-3-ol",fungi,fungi
5EAC,1,Saccharomyces cerevisiae CYP51 complexed with the plant pathogen inhibitor R-tebuconazole,2.26,X-ray,Saccharomyces cerevisiae YJM789,307796,"[""A6ZSR0""]",MSATKSIVGEALEYVNIGLSHFLALPLAQRISLIIIIPFIYNIVWQLLYSLRKDRPPLVFYWIPWVGSAVVYGMKPYEFFEECQKKYGDIFSFVLLGRVMTVYLGPKGHEFVFNAKLADVSAEAAYAHLTTPVFGKGVIYDCPNSRLMEQKKFVKGALTKEAFKSYVPLIAEEVYKYFRDSKNFRLNERTTGTIDVMVTQPEMTIFTASRSLLGKEMRAKLDTDFAYLYSDLDKGFTPINFVFPNLPLEHYRKRDHAQKAISGTYMSLIKERRKNNDIQDRDLIDSLMKNSTYKDGVKMTDQEIANLLIGVLMGGQHTSAATSAWILLHLAERPDVQQELYEEQMRVLDGGKKELTYDLLQEMPLLNQTIKETLRMHHPLHSLFRKVMKDMHVPNTSYVIPAGYHVLVSPGYTHLRDEYFPNAHQFNIHRWNNDSASSYSVGEEVDYGFGAISKGVSSPYLPFGGGRHRCIGEHFAYCQLGVLMSIFIRTLKWHYPEGKTVPPPDFTSMVTLPTGPAKIIWEKRNPEQKIGGRHHHHHH,539,"HEM:PROTOPORPHYRIN IX CONTAINING FE; TBQ:(3~{R})-1-(4-chlorophenyl)-4,4-dimethyl-3-(1,2,4-triazol-1-ylmethyl)pentan-3-ol",fungi,fungi
5EAD,1,Saccharomyces cerevisiae CYP51 complexed with the plant pathogen inhibitor S-desthio-prothioconazole,2.0,X-ray,Saccharomyces cerevisiae YJM789,307796,"[""A6ZSR0""]",MSATKSIVGEALEYVNIGLSHFLALPLAQRISLIIIIPFIYNIVWQLLYSLRKDRPPLVFYWIPWVGSAVVYGMKPYEFFEECQKKYGDIFSFVLLGRVMTVYLGPKGHEFVFNAKLADVSAEAAYAHLTTPVFGKGVIYDCPNSRLMEQKKFVKGALTKEAFKSYVPLIAEEVYKYFRDSKNFRLNERTTGTIDVMVTQPEMTIFTASRSLLGKEMRAKLDTDFAYLYSDLDKGFTPINFVFPNLPLEHYRKRDHAQKAISGTYMSLIKERRKNNDIQDRDLIDSLMKNSTYKDGVKMTDQEIANLLIGVLMGGQHTSAATSAWILLHLAERPDVQQELYEEQMRVLDGGKKELTYDLLQEMPLLNQTIKETLRMHHPLHSLFRKVMKDMHVPNTSYVIPAGYHVLVSPGYTHLRDEYFPNAHQFNIHRWNNDSASSYSVGEEVDYGFGAISKGVSSPYLPFGGGRHRCIGEHFAYCQLGVLMSIFIRTLKWHYPEGKTVPPPDFTSMVTLPTGPAKIIWEKRNPEQKIGGRHHHHHH,539,"5L9:(2~{S})-2-(1-chloranylcyclopropyl)-1-(2-chlorophenyl)-3-(1,2,4-triazol-1-yl)propan-2-ol; HEM:PROTOPORPHYRIN IX CONTAINING FE",fungi,fungi
5EAE,1,Saccharomyces cerevisiae CYP51 complexed with the plant pathogen inhibitor R-desthio-prothioconazole,2.11,X-ray,Saccharomyces cerevisiae YJM789,307796,"[""A6ZSR0""]",MSATKSIVGEALEYVNIGLSHFLALPLAQRISLIIIIPFIYNIVWQLLYSLRKDRPPLVFYWIPWVGSAVVYGMKPYEFFEECQKKYGDIFSFVLLGRVMTVYLGPKGHEFVFNAKLADVSAEAAYAHLTTPVFGKGVIYDCPNSRLMEQKKFVKGALTKEAFKSYVPLIAEEVYKYFRDSKNFRLNERTTGTIDVMVTQPEMTIFTASRSLLGKEMRAKLDTDFAYLYSDLDKGFTPINFVFPNLPLEHYRKRDHAQKAISGTYMSLIKERRKNNDIQDRDLIDSLMKNSTYKDGVKMTDQEIANLLIGVLMGGQHTSAATSAWILLHLAERPDVQQELYEEQMRVLDGGKKELTYDLLQEMPLLNQTIKETLRMHHPLHSLFRKVMKDMHVPNTSYVIPAGYHVLVSPGYTHLRDEYFPNAHQFNIHRWNNDSASSYSVGEEVDYGFGAISKGVSSPYLPFGGGRHRCIGEHFAYCQLGVLMSIFIRTLKWHYPEGKTVPPPDFTSMVTLPTGPAKIIWEKRNPEQKIGGRHHHHHH,539,"HEM:PROTOPORPHYRIN IX CONTAINING FE; 5L8:(2~{R})-2-(1-chloranylcyclopropyl)-1-(2-chlorophenyl)-3-(1,2,4-triazol-1-yl)propan-2-ol",fungi,fungi
5EAF,1,Saccharomyces cerevisiae CYP51 complexed with the plant pathogen inhibitor Fluquinconazole,2.65,X-ray,Saccharomyces cerevisiae YJM789,307796,"[""A6ZSR0""]",MSATKSIVGEALEYVNIGLSHFLALPLAQRISLIIIIPFIYNIVWQLLYSLRKDRPPLVFYWIPWVGSAVVYGMKPYEFFEECQKKYGDIFSFVLLGRVMTVYLGPKGHEFVFNAKLADVSAEAAYAHLTTPVFGKGVIYDCPNSRLMEQKKFVKGALTKEAFKSYVPLIAEEVYKYFRDSKNFRLNERTTGTIDVMVTQPEMTIFTASRSLLGKEMRAKLDTDFAYLYSDLDKGFTPINFVFPNLPLEHYRKRDHAQKAISGTYMSLIKERRKNNDIQDRDLIDSLMKNSTYKDGVKMTDQEIANLLIGVLMGGQHTSAATSAWILLHLAERPDVQQELYEEQMRVLDGGKKELTYDLLQEMPLLNQTIKETLRMHHPLHSLFRKVMKDMHVPNTSYAIPAGYHVLVSPGYTHLRDEYFPNAHQFNIHRWNNDSASSYSVGEEVDYGFGAISKGVSSPYLPFGGGRHRCIGEHFAYCQLGVLMSIFIRTLKWHYPEGKTVPPPDFTSMVTLPTGPAKIIWEKRNPEQKIGGRHHHHHH,539,"HEM:PROTOPORPHYRIN IX CONTAINING FE; FQC:3-(2,4-dichlorophenyl)-6-fluoranyl-2-(1,2,4-triazol-1-yl)quinazolin-4-one",fungi,fungi
5EAG,1,Saccharomyces cerevisiae CYP51 complexed with the plant pathogen inhibitor Prochloraz,2.4,X-ray,Saccharomyces cerevisiae YJM789,307796,"[""A6ZSR0""]",MSATKSIVGEALEYVNIGLSHFLALPLAQRISLIIIIPFIYNIVWQLLYSLRKDRPPLVFYWIPWVGSAVVYGMKPYEFFEECQKKYGDIFSFVLLGRVMTVYLGPKGHEFVFNAKLADVSAEAAYAHLTTPVFGKGVIYDCPNSRLMEQKKFVKGALTKEAFKSYVPLIAEEVYKYFRDSKNFRLNERTTGTIDVMVTQPEMTIFTASRSLLGKEMRAKLDTDFAYLYSDLDKGFTPINFVFPNLPLEHYRKRDHAQKAISGTYMSLIKERRKNNDIQDRDLIDSLMKNSTYKDGVKMTDQEIANLLIGVLMGGQHTSAATSAWILLHLAERPDVQQELYEEQMRVLDGGKKELTYDLLQEMPLLNQTIKETLRMHHPLHSLFRKVMKDMHVPNTSYVIPAGYHVLVSPGYTHLRDEYFPNAHQFNIHRWNNDSASSYSVGEEVDYGFGAISKGVSSPYLPFGGGRHRCIGEHFAYCQLGVLMSIFIRTLKWHYPEGKTVPPPDFTSMVTLPTGPAKIIWEKRNPEQKIGGRHHHHHH,539,5LU:Prochloraz; HEM:PROTOPORPHYRIN IX CONTAINING FE,fungi,fungi
5EAH,1,Saccharomyces cerevisiae CYP51 complexed with the plant pathogen inhibitor Difenoconazole,2.541,X-ray,Saccharomyces cerevisiae YJM789,307796,"[""A6ZSR0""]",MSATKSIVGEALEYVNIGLSHFLALPLAQRISLIIIIPFIYNIVWQLLYSLRKDRPPLVFYWIPWVGSAVVYGMKPYEFFEECQKKYGDIFSFVLLGRVMTVYLGPKGHEFVFNAKLADVSAEAAYAHLTTPVFGKGVIYDCPNSRLMEQKKFVKGALTKEAFKSYVPLIAEEVYKYFRDSKNFRLNERTTGTIDVMVTQPEMTIFTASRSLLGKEMRAKLDTDFAYLYSDLDKGFTPINFVFPNLPLEHYRKRDHAQKAISGTYMSLIKERRKNNDIQDRDLIDSLMKNSTYKDGVKMTDQEIANLLIGVLMGGQHTSAATSAWILLHLAERPDVQQELYEEQMRVLDGGKKELTYDLLQEMPLLNQTIKETLRMHHPLHSLFRKVMKDMHVPNTSYVIPAGYHVLVSPGYTHLRDEYFPNAHQFNIHRWNNDSASSYSVGEEVDYGFGAISKGVSSPYLPFGGGRHRCIGEHFAYCQLGVLMSIFIRTLKWHYPEGKTVPPPDFTSMVTLPTGPAKIIWEKRNPEQKIGGRHHHHHH,539,"HEM:PROTOPORPHYRIN IX CONTAINING FE; 5LZ:1-[[(2~{S},4~{R})-2-[2-chloranyl-4-(4-chloranylphenoxy)phenyl]-4-methyl-1,3-dioxolan-2-yl]methyl]-1,2,4-triazole; 5LW:1-[[(2~{S},4~{S})-2-[2-chloranyl-4-(4-chloranylphenoxy)phenyl]-4-methyl-1,3-dioxolan-2-yl]methyl]-1,2,4-triazole; 5LX:1-[[(2~{R},4~{S})-2-[2-chloranyl-4-(4-chloranylphenoxy)phenyl]-4-methyl-1,3-dioxolan-2-yl]methyl]-1,2,4-triazole; 5LY:1-[[(2~{R},4~{R})-2-[2-chloranyl-4-(4-chloranylphenoxy)phenyl]-4-methyl-1,3-dioxolan-2-yl]methyl]-1,2,4-triazole",fungi,fungi
5EQB,1,Crystal structure of lanosterol 14-alpha demethylase with intact transmembrane domain bound to itraconazole,2.19,X-ray,Saccharomyces cerevisiae S288C,559292,"[""P10614""]",MSATKSIVGEALEYVNIGLSHFLALPLAQRISLIIIIPFIYNIVWQLLYSLRKDRPPLVFYWIPWVGSAVVYGMKPYEFFEECQKKYGDIFSFVLLGRVMTVYLGPKGHEFVFNAKLADVSAEAAYAHLTTPVFGKGVIYDCPNSRLMEQKKFVKGALTKEAFKSYVPLIAEEVYKYFRDSKNFRLNERTTGTIDVMVTQPEMTIFTASRSLLGKEMRAKLDTDFAYLYSDLDKGFTPINFVFPNLPLEHYRKRDHAQKAISGTYMSLIKERRKNNDIQDRDLIDSLMKNSTYKDGVKMTDQEIANLLIGVLMGGQHTSAATSAWILLHLAERPDVQQELYEEQMRVLDGGKKELTYDLLQEMPLLNQTIKETLRMHHPLHSLFRKVMKDMHVPNTSYVIPAGYHVLVSPGYTHLRDEYFPNAHQFNIHRWNNDSASSYSVGEEVDYGFGAISKGVSSPYLPFGGGRHRCIGEHFAYCQLGVLMSIFIRTLKWHYPEGKTVPPPDFTSMVTLPTGPAKIIWEKRNPEQKIGGRHHHHHH,539,"HEM:PROTOPORPHYRIN IX CONTAINING FE; 1YN:2-[(2R)-butan-2-yl]-4-{4-[4-(4-{[(2R,4S)-2-(2,4-dichlorophenyl)-2-(1H-1,2,4-triazol-1-ylmethyl)-1,3-dioxolan-4-yl]methoxy}phenyl)piperazin-1-yl]phenyl}-2,4-dihydro-3H-1,2,4-triazol-3-one",fungi,fungi
5ESE,1,Saccharomyces cerevisiae CYP51 (Lanosterol 14-alpha demethylase) G73R mutant complexed with fluconazole,2.2,X-ray,Saccharomyces cerevisiae YJM789,307796,"[""A6ZSR0""]",MSATKSIVGEALEYVNIGLSHFLALPLAQRISLIIIIPFIYNIVWQLLYSLRKDRPPLVFYWIPWVGSAVVYRMKPYEFFEECQKKYGDIFSFVLLGRVMTVYLGPKGHEFVFNAKLADVSAEAAYAHLTTPVFGKGVIYDCPNSRLMEQKKFVKGALTKEAFKSYVPLIAEEVYKYFRDSKNFRLNERTTGTIDVMVTQPEMTIFTASRSLLGKEMRAKLDTDFAYLYSDLDKGFTPINFVFPNLPLEHYRKRDHAQKAISGTYMSLIKERRKNNDIQDRDLIDSLMKNSTYKDGVKMTDQEIANLLIGVLMGGQHTSAATSAWILLHLAERPDVQQELYEEQMRVLDGGKKELTYDLLQEMPLLNQTIKETLRMHHPLHSLFRKVMKDMHVPNTSYVIPAGYHVLVSPGYTHLRDEYFPNAHQFNIHRWNNDSASSYSVGEEVDYGFGAISKGVSSPYLPFGGGRHRCIGEHFAYCQLGVLMSIFIRTLKWHYPEGKTVPPPDFTSMVTLPTGPAKIIWEKRNPEQKIGGRHHHHHH,539,"HEM:PROTOPORPHYRIN IX CONTAINING FE; TPF:2-(2,4-DIFLUOROPHENYL)-1,3-DI(1H-1,2,4-TRIAZOL-1-YL)PROPAN-2-OL",fungi,fungi
5ESF,1,Saccharomyces cerevisiae CYP51 (Lanosterol 14-alpha demethylase) G73E mutant complexed with fluconazole,2.25,X-ray,Saccharomyces cerevisiae YJM789,307796,"[""A6ZSR0""]",MSATKSIVGEALEYVNIGLSHFLALPLAQRISLIIIIPFIYNIVWQLLYSLRKDRPPLVFYWIPWVGSAVVYEMKPYEFFEECQKKYGDIFSFVLLGRVMTVYLGPKGHEFVFNAKLADVSAEAAYAHLTTPVFGKGVIYDCPNSRLMEQKKFVKGALTKEAFKSYVPLIAEEVYKYFRDSKNFRLNERTTGTIDVMVTQPEMTIFTASRSLLGKEMRAKLDTDFAYLYSDLDKGFTPINFVFPNLPLEHYRKRDHAQKAISGTYMSLIKERRKNNDIQDRDLIDSLMKNSTYKDGVKMTDQEIANLLIGVLMGGQHTSAATSAWILLHLAERPDVQQELYEEQMRVLDGGKKELTYDLLQEMPLLNQTIKETLRMHHPLHSLFRKVMKDMHVPNTSYVIPAGYHVLVSPGYTHLRDEYFPNAHQFNIHRWNNDSASSYSVGEEVDYGFGAISKGVSSPYLPFGGGRHRCIGEHFAYCQLGVLMSIFIRTLKWHYPEGKTVPPPDFTSMVTLPTGPAKIIWEKRNPEQKIGGRHHHHHH,539,"HEM:PROTOPORPHYRIN IX CONTAINING FE; TPF:2-(2,4-DIFLUOROPHENYL)-1,3-DI(1H-1,2,4-TRIAZOL-1-YL)PROPAN-2-OL",fungi,fungi
5ESG,1,Saccharomyces cerevisiae CYP51 (Lanosterol 14-alpha demethylase) G73E mutant complexed with itraconazole,1.981,X-ray,Saccharomyces cerevisiae YJM789,307796,"[""A6ZSR0""]",MSATKSIVGEALEYVNIGLSHFLALPLAQRISLIIIIPFIYNIVWQLLYSLRKDRPPLVFYWIPWVGSAVVYEMKPYEFFEECQKKYGDIFSFVLLGRVMTVYLGPKGHEFVFNAKLADVSAEAAYAHLTTPVFGKGVIYDCPNSRLMEQKKFVKGALTKEAFKSYVPLIAEEVYKYFRDSKNFRLNERTTGTIDVMVTQPEMTIFTASRSLLGKEMRAKLDTDFAYLYSDLDKGFTPINFVFPNLPLEHYRKRDHAQKAISGTYMSLIKERRKNNDIQDRDLIDSLMKNSTYKDGVKMTDQEIANLLIGVLMGGQHTSAATSAWILLHLAERPDVQQELYEEQMRVLDGGKKELTYDLLQEMPLLNQTIKETLRMHHPLHSLFRKVMKDMHVPNTSYVIPAGYHVLVSPGYTHLRDEYFPNAHQFNIHRWNNDSASSYSVGEEVDYGFGAISKGVSSPYLPFGGGRHRCIGEHFAYCQLGVLMSIFIRTLKWHYPEGKTVPPPDFTSMVTLPTGPAKIIWEKRNPEQKIGGRHHHHHH,539,"HEM:PROTOPORPHYRIN IX CONTAINING FE; 1YN:2-[(2R)-butan-2-yl]-4-{4-[4-(4-{[(2R,4S)-2-(2,4-dichlorophenyl)-2-(1H-1,2,4-triazol-1-ylmethyl)-1,3-dioxolan-4-yl]methoxy}phenyl)piperazin-1-yl]phenyl}-2,4-dihydro-3H-1,2,4-triazol-3-one",fungi,fungi
5ESH,1,Saccharomyces cerevisiae CYP51 (Lanosterol 14-alpha demethylase) G73W mutant in complex with itraconazole,2.15,X-ray,Saccharomyces cerevisiae YJM789,307796,"[""A6ZSR0""]",MSATKSIVGEALEYVNIGLSHFLALPLAQRISLIIIIPFIYNIVWQLLYSLRKDRPPLVFYWIPWVGSAVVYWMKPYEFFEECQKKYGDIFSFVLLGRVMTVYLGPKGHEFVFNAKLADVSAEAAYAHLTTPVFGKGVIYDCPNSRLMEQKKFVKGALTKEAFKSYVPLIAEEVYKYFRDSKNFRLNERTTGTIDVMVTQPEMTIFTASRSLLGKEMRAKLDTDFAYLYSDLDKGFTPINFVFPNLPLEHYRKRDHAQKAISGTYMSLIKERRKNNDIQDRDLIDSLMKNSTYKDGVKMTDQEIANLLIGVLMGGQHTSAATSAWILLHLAERPDVQQELYEEQMRVLDGGKKELTYDLLQEMPLLNQTIKETLRMHHPLHSLFRKVMKDMHVPNTSYVIPAGYHVLVSPGYTHLRDEYFPNAHQFNIHRWNNDSASSYSVGEEVDYGFGAISKGVSSPYLPFGGGRHRCIGEHFAYCQLGVLMSIFIRTLKWHYPEGKTVPPPDFTSMVTLPTGPAKIIWEKRNPEQKIGGRHHHHHH,539,"HEM:PROTOPORPHYRIN IX CONTAINING FE; 1YN:2-[(2R)-butan-2-yl]-4-{4-[4-(4-{[(2R,4S)-2-(2,4-dichlorophenyl)-2-(1H-1,2,4-triazol-1-ylmethyl)-1,3-dioxolan-4-yl]methoxy}phenyl)piperazin-1-yl]phenyl}-2,4-dihydro-3H-1,2,4-triazol-3-one",fungi,fungi
5ESI,1,Saccharomyces cerevisiae CYP51 (Lanosterol 14-alpha demethylase) G73W mutant,2.1,X-ray,Saccharomyces cerevisiae YJM789,307796,"[""A6ZSR0""]",MSATKSIVGEALEYVNIGLSHFLALPLAQRISLIIIIPFIYNIVWQLLYSLRKDRPPLVFYWIPWVGSAVVYWMKPYEFFEECQKKYGDIFSFVLLGRVMTVYLGPKGHEFVFNAKLADVSAEAAYAHLTTPVFGKGVIYDCPNSRLMEQKKFVKGALTKEAFKSYVPLIAEEVYKYFRDSKNFRLNERTTGTIDVMVTQPEMTIFTASRSLLGKEMRAKLDTDFAYLYSDLDKGFTPINFVFPNLPLEHYRKRDHAQKAISGTYMSLIKERRKNNDIQDRDLIDSLMKNSTYKDGVKMTDQEIANLLIGVLMGGQHTSAATSAWILLHLAERPDVQQELYEEQMRVLDGGKKELTYDLLQEMPLLNQTIKETLRMHHPLHSLFRKVMKDMHVPNTSYVIPAGYHVLVSPGYTHLRDEYFPNAHQFNIHRWNNDSASSYSVGEEVDYGFGAISKGVSSPYLPFGGGRHRCIGEHFAYCQLGVLMSIFIRTLKWHYPEGKTVPPPDFTSMVTLPTGPAKIIWEKRNPEQKIGGRHHHHHH,539,HEM:PROTOPORPHYRIN IX CONTAINING FE,fungi,fungi
5ESJ,1,Saccharomyces cerevisiae CYP51 (Lanosterol 14-alpha demethylase) G464S mutant complexed with fluconazole,2.15,X-ray,Saccharomyces cerevisiae YJM789,307796,"[""A6ZSR0""]",MSATKSIVGEALEYVNIGLSHFLALPLAQRISLIIIIPFIYNIVWQLLYSLRKDRPPLVFYWIPWVGSAVVYGMKPYEFFEECQKKYGDIFSFVLLGRVMTVYLGPKGHEFVFNAKLADVSAEAAYAHLTTPVFGKGVIYDCPNSRLMEQKKFVKGALTKEAFKSYVPLIAEEVYKYFRDSKNFRLNERTTGTIDVMVTQPEMTIFTASRSLLGKEMRAKLDTDFAYLYSDLDKGFTPINFVFPNLPLEHYRKRDHAQKAISGTYMSLIKERRKNNDIQDRDLIDSLMKNSTYKDGVKMTDQEIANLLIGVLMGGQHTSAATSAWILLHLAERPDVQQELYEEQMRVLDGGKKELTYDLLQEMPLLNQTIKETLRMHHPLHSLFRKVMKDMHVPNTSYVIPAGYHVLVSPGYTHLRDEYFPNAHQFNIHRWNNDSASSYSVGEEVDYGFGAISKGVSSPYLPFSGGRHRCIGEHFAYCQLGVLMSIFIRTLKWHYPEGKTVPPPDFTSMVTLPTGPAKIIWEKRNPEQKIGGRHHHHHH,539,"HEM:PROTOPORPHYRIN IX CONTAINING FE; TPF:2-(2,4-DIFLUOROPHENYL)-1,3-DI(1H-1,2,4-TRIAZOL-1-YL)PROPAN-2-OL",fungi,fungi
5ESK,1,Saccharomyces cerevisiae CYP51 (Lanosterol 14-alpha demethylase) G464S mutant complexed with itraconazole,2.24,X-ray,Saccharomyces cerevisiae YJM789,307796,"[""A6ZSR0""]",MSATKSIVGEALEYVNIGLSHFLALPLAQRISLIIIIPFIYNIVWQLLYSLRKDRPPLVFYWIPWVGSAVVYGMKPYEFFEECQKKYGDIFSFVLLGRVMTVYLGPKGHEFVFNAKLADVSAEAAYAHLTTPVFGKGVIYDCPNSRLMEQKKFVKGALTKEAFKSYVPLIAEEVYKYFRDSKNFRLNERTTGTIDVMVTQPEMTIFTASRSLLGKEMRAKLDTDFAYLYSDLDKGFTPINFVFPNLPLEHYRKRDHAQKAISGTYMSLIKERRKNNDIQDRDLIDSLMKNSTYKDGVKMTDQEIANLLIGVLMGGQHTSAATSAWILLHLAERPDVQQELYEEQMRVLDGGKKELTYDLLQEMPLLNQTIKETLRMHHPLHSLFRKVMKDMHVPNTSYVIPAGYHVLVSPGYTHLRDEYFPNAHQFNIHRWNNDSASSYSVGEEVDYGFGAISKGVSSPYLPFSGGRHRCIGEHFAYCQLGVLMSIFIRTLKWHYPEGKTVPPPDFTSMVTLPTGPAKIIWEKRNPEQKIGGRHHHHHH,539,"1YN:2-[(2R)-butan-2-yl]-4-{4-[4-(4-{[(2R,4S)-2-(2,4-dichlorophenyl)-2-(1H-1,2,4-triazol-1-ylmethyl)-1,3-dioxolan-4-yl]methoxy}phenyl)piperazin-1-yl]phenyl}-2,4-dihydro-3H-1,2,4-triazol-3-one; HEM:PROTOPORPHYRIN IX CONTAINING FE",fungi,fungi
5ESL,1,Saccharomyces cerevisiae CYP51 (Lanosterol 14-alpha demethylase) T322I mutant complexed with itraconazole,2.35,X-ray,Saccharomyces cerevisiae YJM789,307796,"[""A6ZSR0""]",MSATKSIVGEALEYVNIGLSHFLALPLAQRISLIIIIPFIYNIVWQLLYSLRKDRPPLVFYWIPWVGSAVVYGMKPYEFFEECQKKYGDIFSFVLLGRVMTVYLGPKGHEFVFNAKLADVSAEAAYAHLTTPVFGKGVIYDCPNSRLMEQKKFVKGALTKEAFKSYVPLIAEEVYKYFRDSKNFRLNERTTGTIDVMVTQPEMTIFTASRSLLGKEMRAKLDTDFAYLYSDLDKGFTPINFVFPNLPLEHYRKRDHAQKAISGTYMSLIKERRKNNDIQDRDLIDSLMKNSTYKDGVKMTDQEIANLLIGVLMGGQHTSAAISAWILLHLAERPDVQQELYEEQMRVLDGGKKELTYDLLQEMPLLNQTIKETLRMHHPLHSLFRKVMKDMHVPNTSYVIPAGYHVLVSPGYTHLRDEYFPNAHQFNIHRWNNDSASSYSVGEEVDYGFGAISKGVSSPYLPFGGGRHRCIGEHFAYCQLGVLMSIFIRTLKWHYPEGKTVPPPDFTSMVTLPTGPAKIIWEKRNPEQKIGGRHHHHHH,539,"HEM:PROTOPORPHYRIN IX CONTAINING FE; 1YN:2-[(2R)-butan-2-yl]-4-{4-[4-(4-{[(2R,4S)-2-(2,4-dichlorophenyl)-2-(1H-1,2,4-triazol-1-ylmethyl)-1,3-dioxolan-4-yl]methoxy}phenyl)piperazin-1-yl]phenyl}-2,4-dihydro-3H-1,2,4-triazol-3-one",fungi,fungi
5ESM,1,Saccharomyces cerevisiae CYP51 (Lanosterol 14-alpha demethylase) T322I mutant complexed with fluconazole,2.0,X-ray,Saccharomyces cerevisiae YJM789,307796,"[""A6ZSR0""]",MSATKSIVGEALEYVNIGLSHFLALPLAQRISLIIIIPFIYNIVWQLLYSLRKDRPPLVFYWIPWVGSAVVYGMKPYEFFEECQKKYGDIFSFVLLGRVMTVYLGPKGHEFVFNAKLADVSAEAAYAHLTTPVFGKGVIYDCPNSRLMEQKKFVKGALTKEAFKSYVPLIAEEVYKYFRDSKNFRLNERTTGTIDVMVTQPEMTIFTASRSLLGKEMRAKLDTDFAYLYSDLDKGFTPINFVFPNLPLEHYRKRDHAQKAISGTYMSLIKERRKNNDIQDRDLIDSLMKNSTYKDGVKMTDQEIANLLIGVLMGGQHTSAAISAWILLHLAERPDVQQELYEEQMRVLDGGKKELTYDLLQEMPLLNQTIKETLRMHHPLHSLFRKVMKDMHVPNTSYVIPAGYHVLVSPGYTHLRDEYFPNAHQFNIHRWNNDSASSYSVGEEVDYGFGAISKGVSSPYLPFGGGRHRCIGEHFAYCQLGVLMSIFIRTLKWHYPEGKTVPPPDFTSMVTLPTGPAKIIWEKRNPEQKIGGRHHHHHH,539,"HEM:PROTOPORPHYRIN IX CONTAINING FE; TPF:2-(2,4-DIFLUOROPHENYL)-1,3-DI(1H-1,2,4-TRIAZOL-1-YL)PROPAN-2-OL",fungi,fungi
5ESN,1,Saccharomyces cerevisiae CYP51 (Lanosterol 14-alpha demethylase) T322I mutant structure,2.35,X-ray,Saccharomyces cerevisiae YJM789,307796,"[""A6ZSR0""]",MSATKSIVGEALEYVNIGLSHFLALPLAQRISLIIIIPFIYNIVWQLLYSLRKDRPPLVFYWIPWVGSAVVYGMKPYEFFEECQKKYGDIFSFVLLGRVMTVYLGPKGHEFVFNAKLADVSAEAAYAHLTTPVFGKGVIYDCPNSRLMEQKKFVKGALTKEAFKSYVPLIAEEVYKYFRDSKNFRLNERTTGTIDVMVTQPEMTIFTASRSLLGKEMRAKLDTDFAYLYSDLDKGFTPINFVFPNLPLEHYRKRDHAQKAISGTYMSLIKERRKNNDIQDRDLIDSLMKNSTYKDGVKMTDQEIANLLIGVLMGGQHTSAAISAWILLHLAERPDVQQELYEEQMRVLDGGKKELTYDLLQEMPLLNQTIKETLRMHHPLHSLFRKVMKDMHVPNTSYVIPAGYHVLVSPGYTHLRDEYFPNAHQFNIHRWNNDSASSYSVGEEVDYGFGAISKGVSSPYLPFGGGRHRCIGEHFAYCQLGVLMSIFIRTLKWHYPEGKTVPPPDFTSMVTLPTGPAKIIWEKRNPEQKIGGRHHHHHH,539,HEM:PROTOPORPHYRIN IX CONTAINING FE,fungi,fungi
5FRB,1,Crystal structure of sterol 14-alpha demethylase (CYP51B) from a pathogenic filamentous fungus Aspergillus fumigatus in complex with a tetrazole-based inhibitor VT-1598,2.99,X-ray,Aspergillus fumigatus,746128,"[""E9QY26""]",MAKKTPPVVFHWFPFIGSTISYGIDPYKFFFDCRAKYGDIFTFILLGKKTTVYLGTKGNDFILNGKLRDVCAEEVYSPLTTPVFGRHVVYDCPNAKLMEQKKFVKYGLTSDALRSYVPLITDEVESFVKNSPAFQGHKGVFDVCKTIAEITIYTASRSLQGKEVRSKFDSTFAELYHNLDMGFAPINFMLPWAPLPHNRKRDAAQRKLTETYMEIIKARRQAGSKKDSEDMVWNLMSCVYKNGTPVPDEEIAHMMIALLMAGQHSSSSTASWIVLRLATRPDIMEELYQEQIRVLGSDLPPLTYDNLQKLDLHAKVIKETLRLHAPIHSIIRAVKNPMAVDGTSYVIPTSHNVLSSPGVTARSEEHFPNPLEWNPHRWDENIAASAEDDEKVDYGYGLVSKGTNSPYLPFGAGRHRCIGEQFAYLQLGTITAVLVRLFRFRNLPGVDGIPDTDYSSLFSKPLGRSFVEFEKRH,473,"VT2:(R)-4-((4-((6-(2-(2,4-difluorophenyl)-1,1-difluoro-2-hydroxy-3-(1H-tetrazol-1-yl)propyl)pyridin-3-yl)ethynyl)phenoxy)methyl)benzonitrile; HEM:PROTOPORPHYRIN IX CONTAINING FE",fungi,fungi
5FSA,1,Crystal structure of sterol 14-alpha demethylase (CYP51) from a pathogenic yeast Candida albicans in complex with the antifungal drug posaconazole,2.86,X-ray,Candida albicans,5476,"[""P10613""]",MAKKTPPLVFYWIPWFGSAASYGQQPYEFFESCRQKYGDVFSFMLLGKIMTVYLGPKGHEFVFNAKLSDVSAEEAYKHLTTPVFGTGVIYDCPNSRLMEQKKFAKFALTTDSFKRYVPKIREEILNYFVTDESFKLKEKTHGVANVMKTQPEITIFTASRSLFGDEMRRIFDRSFAQLYSDLDKGFTPINFVFPNLPLPHYWRRDAAQKKISATYMKEIKLRRERGDIDPNRDLIDSLLIHSTYKDGVKMTDQEIANLLIGILMGGQHTSASTSAWFLLHLGEKPHLQDVIYQEVVELLKEKGGDLNDLTYEDLQKLPSVNNTIKETLRMHMPLHSIFRKVTNPLRIPETNYIVPKGHYVLVSPGYAHTSERYFDNPEDFDPTRWDTAAAKANSVSFNSSDEVDYGFGKVSKGVSSPYLPFGGGRHRCIGEQFAYVQLGTILTTFVYNLRWTIDGYKVPDPDYSSMVVLPTEPAEIIWEKRETCMFHHHH,490,HEM:PROTOPORPHYRIN IX CONTAINING FE; X2N:POSACONAZOLE,fungi,fungi
5HS1,1,Saccharomyces cerevisiae CYP51 (Lanosterol 14-alpha demethylase) complexed with Voriconazole,2.1,X-ray,Saccharomyces cerevisiae YJM789,307796,"[""A6ZSR0""]",IVGEALEYVNIGLSHFLALPLAQRISLIIIIPFIYNIVWQLLYSLRKDRPPLVFYWIPWVGSAVVYGMKPYEFFEECQKKYGDIFSFVLLGRVMTVYLGPKGHEFVFNAKLADVSAEAAYAHLTTPVFGKGVIYDCPNSRLMEQKKFVKGALTKEAFKSYVPLIAEEVYKYFRDSKNFRLNERTTGTIDVMVTQPEMTIFTASRSLLGKEMRAKLDTDFAYLYSDLDKGFTPINFVFPNLPLEHYRKRDHAQKAISGTYMSLIKERRKNNDIQDRDLIDSLMKNSTYKDGVKMTDQEIANLLIGVLMGGQHTSAATSAWILLHLAERPDVQQELYEEQMRVLDGGKKELTYDLLQEMPLLNQTIKETLRMHHPLHSLFRKVMKDMHVPNTSYVIPAGYHVLVSPGYTHLRDEYFPNAHQFNIHRWNNDSASSYSVGEEVDYGFGAISKGVSSPYLPFGGGRHRCIGEHFAYCQLGVLMSIFIRTLKWHYPEGKTVPPPDFTSMVTLPTGPAKIIWEKRNPEQKIGGRH,528,HEM:PROTOPORPHYRIN IX CONTAINING FE; VOR:Voriconazole,fungi,fungi
5TZ1,1,Crystal structure of sterol 14-alpha demethylase (CYP51) from Candida albicans in complex with the tetrazole-based antifungal drug candidate VT1161 (VT1),2.0,X-ray,Candida albicans,5476,"[""P10613""]",MAKKTPPLVFYWIPWFGSAASYGQQPYEFFESCRQKYGDVFSFMLLGKIMTVYLGPKGHEFVFNAKLSDVSAEEAYKHLTTPVFGTGVIYDCPNSRLMEQKKFAKFALTTDSFKRYVPKIREEILNYFVTDESFKLKEKTHGVANVMKTQPEITIFTASRSLFGDEMRRIFDRSFAQLYSDLDKGFTPINFVFPNLPLPHYWRRDAAQKKISATYMKEIKLRRERGDIDPNRDLIDSLLIHSTYKDGVKMTDQEIANLLIGILMGGQHTSASTSAWFLLHLGEKPHLQDVIYQEVVELLKEKGGDLNDLTYEDLQKLPSVNNTIKETLRMHMPLHSIFRKVTNPLRIPETNYIVPKGHYVLVSPGYAHTSERYFDNPEDFDPTRWDTAAAKANSVSFNSSDEVDYGFGKVSKGVSSPYLPFGGGRHRCIGEQFAYVQLGTILTTFVYNLRWTIDGYKVPDPDYSSMVVLPTEPAEIIWEKRETCMFHHHH,490,"HEM:PROTOPORPHYRIN IX CONTAINING FE; VT1:(R)-2-(2,4-Difluorophenyl)-1,1-difluoro-3-(1H-tetrazol-1-yl)-1-(5-(4-(2,2,2-trifluoroethoxy)phenyl)pyridin-2-yl)propan-2-ol",fungi,fungi
5UL0,1,S. CEREVISIAE CYP51 COMPLEXED WITH VT-1161,2.2,X-ray,Saccharomyces cerevisiae YJM789,307796,"[""A6ZSR0""]",IVGEALEYVNIGLSHFLALPLAQRISLIIIIPFIYNIVWQLLYSLRKDRPPLVFYWIPWVGSAVVYGMKPYEFFEECQKKYGDIFSFVLLGRVMTVYLGPKGHEFVFNAKLADVSAEAAYAHLTTPVFGKGVIYDCPNSRLMEQKKFVKGALTKEAFKSYVPLIAEEVYKYFRDSKNFRLNERTTGTIDVMVTQPEMTIFTASRSLLGKEMRAKLDTDFAYLYSDLDKGFTPINFVFPNLPLEHYRKRDHAQKAISGTYMSLIKERRKNNDIQDRDLIDSLMKNSTYKDGVKMTDQEIANLLIGVLMGGQHTSAATSAWILLHLAERPDVQQELYEEQMRVLDGGKKELTYDLLQEMPLLNQTIKETLRMHHPLHSLFRKVMKDMHVPNTSYVIPAGYHVLVSPGYTHLRDEYFPNAHQFNIHRWNNDSASSYSVGEEVDYGFGAISKGVSSPYLPFGGGRHRCIGEHFAYCQLGVLMSIFIRTLKWHYPEGKTVPPPDFTSMVTLPTGPAKIIWEKRNPEQKIGGRH,528,"HEM:PROTOPORPHYRIN IX CONTAINING FE; VT1:(R)-2-(2,4-Difluorophenyl)-1,1-difluoro-3-(1H-tetrazol-1-yl)-1-(5-(4-(2,2,2-trifluoroethoxy)phenyl)pyridin-2-yl)propan-2-ol; 1PE:PENTAETHYLENE GLYCOL",fungi,fungi
5V5Z,1,Structure of CYP51 from the pathogen Candida albicans,2.9,X-ray,Candida albicans SC5314,237561,"[""P10613""]",MAIVETVIDGINYFLSLSVTQQISILLGVPFVYNLVWQYLYSLRKDRAPLVFYWIPWFGSAASYGQQPYEFFESCRQKYGDVFSFMLLGKIMTVYLGPKGHEFVFNAKLSDVSAEDAYKHLTTPVFGKGVIYDCPNSRLMEQKKFAKFALTTDSFKRYVPKIREEILNYFVTDESFKLKEKTHGVANVMKTQPEITIFTASRSLFGDEMRRIFDRSFAQLYSDLDKGFTPINFVFPNLPLPHYWRRDAAQKKISATYMKEIKSRRERGDIDPNRDLIDSLLIHSTYKDGVKMTDQEIANLLIGILMGGQHTSASTSAWFLLHLGEKPHLQDVIYQEVVELLKEKGGDLNDLTYEDLQKLPSVNNTIKETLRMHMPLHSIFRKVTNPLRIPETNYIVPKGHYVLVSPGYAHTSERYFDNPEDFDPTRWDTAAAKANSVSFNSSDEVDYGFGKVSKGVSSPYLPFGGGRHRCIGEQFAYVQLGTILTTFVYNLRWTIDGYKVPDPDYSSMVVLPTEPAEIIWEKRETCMFGGRHHHHHH,537,"HEM:PROTOPORPHYRIN IX CONTAINING FE; 1YN:2-[(2R)-butan-2-yl]-4-{4-[4-(4-{[(2R,4S)-2-(2,4-dichlorophenyl)-2-(1H-1,2,4-triazol-1-ylmethyl)-1,3-dioxolan-4-yl]methoxy}phenyl)piperazin-1-yl]phenyl}-2,4-dihydro-3H-1,2,4-triazol-3-one",fungi,fungi
5Y5F,1,Structure of cytochrome P450nor in NO-bound state: damaged by low-dose (0.72 MGy) X-ray,1.5,X-ray,Fusarium oxysporum,5507,"[""P23295""]",MASGAPSFPFSRASGPEPPAEFAKLRATNPVSQVKLFDGSLAWLVTKHKDVCFVATSEKLSKVRTRQGFPELSASGKQAAKAKPTFVDMDPPEHMHQRSMVEPTFTPEAVKNLQPYIQRTVDDLLEQMKQKGCANGPVDLVKEFALPVPSYIIYTLLGVPFNDLEYLTQQNAIRTNGSSTAREASAANQELLDYLAILVEQRLVEPKDDIISKLCTEQVKPGNIDKSDAVQIAFLLLVAGNATMVNMIALGVATLAQHPDQLAQLKANPSLAPQFVEELCRYHTASALAIKRTAKEDVMIGDKLVRANEGIIASNQSANRDEEVFENPDEFNMNRKWPPQDPLGFGFGDHRCIAEHLAKAELTTVFSTLYQKFPDLKVAVPLGKINYTPLNRDVGIVDLPVIF,403,HEM:PROTOPORPHYRIN IX CONTAINING FE; NO:NITRIC OXIDE; GOL:GLYCEROL,fungi,fungi
5Y5G,1,Structure of cytochrome P450nor in NO-bound state: damaged by high-dose (5.7 MGy) X-ray,1.36,X-ray,Fusarium oxysporum,5507,"[""P23295""]",MASGAPSFPFSRASGPEPPAEFAKLRATNPVSQVKLFDGSLAWLVTKHKDVCFVATSEKLSKVRTRQGFPELSASGKQAAKAKPTFVDMDPPEHMHQRSMVEPTFTPEAVKNLQPYIQRTVDDLLEQMKQKGCANGPVDLVKEFALPVPSYIIYTLLGVPFNDLEYLTQQNAIRTNGSSTAREASAANQELLDYLAILVEQRLVEPKDDIISKLCTEQVKPGNIDKSDAVQIAFLLLVAGNATMVNMIALGVATLAQHPDQLAQLKANPSLAPQFVEELCRYHTASALAIKRTAKEDVMIGDKLVRANEGIIASNQSANRDEEVFENPDEFNMNRKWPPQDPLGFGFGDHRCIAEHLAKAELTTVFSTLYQKFPDLKVAVPLGKINYTPLNRDVGIVDLPVIF,403,GOL:GLYCEROL; NO:NITRIC OXIDE; HEM:PROTOPORPHYRIN IX CONTAINING FE,fungi,fungi
5Y5H,1,SF-ROX structure of cytochrome P450nor (NO-bound state) determined at SACLA,1.5,X-ray,Fusarium oxysporum,5507,"[""P23295""]",MASGAPSFPFSRASGPEPPAEFAKLRATNPVSQVKLFDGSLAWLVTKHKDVCFVATSEKLSKVRTRQGFPELSASGKQAAKAKPTFVDMDPPEHMHQRSMVEPTFTPEAVKNLQPYIQRTVDDLLEQMKQKGCANGPVDLVKEFALPVPSYIIYTLLGVPFNDLEYLTQQNAIRTNGSSTAREASAANQELLDYLAILVEQRLVEPKDDIISKLCTEQVKPGNIDKSDAVQIAFLLLVAGNATMVNMIALGVATLAQHPDQLAQLKANPSLAPQFVEELCRYHTASALAIKRTAKEDVMIGDKLVRANEGIIASNQSANRDEEVFENPDEFNMNRKWPPQDPLGFGFGDHRCIAEHLAKAELTTVFSTLYQKFPDLKVAVPLGKINYTPLNRDVGIVDLPVIF,403,GOL:GLYCEROL; NO:NITRIC OXIDE; HEM:PROTOPORPHYRIN IX CONTAINING FE,fungi,fungi
5Y5I,1,"Time-resolved SFX structure of cytochrome P450nor: 20 ms after photo-irradiation of caged NO in the presence of NADH (NO-bound state), light data",2.1,X-ray,Fusarium oxysporum,5507,"[""P23295""]",MASGAPSFPFSRASGPEPPAEFAKLRATNPVSQVKLFDGSLAWLVTKHKDVCFVATSEKLSKVRTRQGFPELSASGKQAAKAKPTFVDMDPPEHMHQRSMVEPTFTPEAVKNLQPYIQRTVDDLLEQMKQKGCANGPVDLVKEFALPVPSYIIYTLLGVPFNDLEYLTQQNAIRTNGSSTAREASAANQELLDYLAILVEQRLVEPKDDIISKLCTEQVKPGNIDKSDAVQIAFLLLVAGNATMVNMIALGVATLAQHPDQLAQLKANPSLAPQFVEELCRYHTASALAIKRTAKEDVMIGDKLVRANEGIIASNQSANRDEEVFENPDEFNMNRKWPPQDPLGFGFGDHRCIAEHLAKAELTTVFSTLYQKFPDLKVAVPLGKINYTPLNRDVGIVDLPVIF,403,HEM:PROTOPORPHYRIN IX CONTAINING FE; NO:NITRIC OXIDE; GOL:GLYCEROL,fungi,fungi
5Y5J,1,Time-resolved SFX structure of cytochrome P450nor: dark-2 data in the presence of NADH (resting state),2.0,X-ray,Fusarium oxysporum,5507,"[""P23295""]",MASGAPSFPFSRASGPEPPAEFAKLRATNPVSQVKLFDGSLAWLVTKHKDVCFVATSEKLSKVRTRQGFPELSASGKQAAKAKPTFVDMDPPEHMHQRSMVEPTFTPEAVKNLQPYIQRTVDDLLEQMKQKGCANGPVDLVKEFALPVPSYIIYTLLGVPFNDLEYLTQQNAIRTNGSSTAREASAANQELLDYLAILVEQRLVEPKDDIISKLCTEQVKPGNIDKSDAVQIAFLLLVAGNATMVNMIALGVATLAQHPDQLAQLKANPSLAPQFVEELCRYHTASALAIKRTAKEDVMIGDKLVRANEGIIASNQSANRDEEVFENPDEFNMNRKWPPQDPLGFGFGDHRCIAEHLAKAELTTVFSTLYQKFPDLKVAVPLGKINYTPLNRDVGIVDLPVIF,403,GOL:GLYCEROL; HEM:PROTOPORPHYRIN IX CONTAINING FE,fungi,fungi
5Y5K,1,"Time-resolved SFX structure of cytochrome P450nor : 20 ms after photo-irradiation of caged NO in the absence of NADH (NO-bound state), light data",2.1,X-ray,Fusarium oxysporum,5507,"[""P23295""]",MASGAPSFPFSRASGPEPPAEFAKLRATNPVSQVKLFDGSLAWLVTKHKDVCFVATSEKLSKVRTRQGFPELSASGKQAAKAKPTFVDMDPPEHMHQRSMVEPTFTPEAVKNLQPYIQRTVDDLLEQMKQKGCANGPVDLVKEFALPVPSYIIYTLLGVPFNDLEYLTQQNAIRTNGSSTAREASAANQELLDYLAILVEQRLVEPKDDIISKLCTEQVKPGNIDKSDAVQIAFLLLVAGNATMVNMIALGVATLAQHPDQLAQLKANPSLAPQFVEELCRYHTASALAIKRTAKEDVMIGDKLVRANEGIIASNQSANRDEEVFENPDEFNMNRKWPPQDPLGFGFGDHRCIAEHLAKAELTTVFSTLYQKFPDLKVAVPLGKINYTPLNRDVGIVDLPVIF,403,NO:NITRIC OXIDE; HEM:PROTOPORPHYRIN IX CONTAINING FE,fungi,fungi
5Y5L,1,Time-resolved SFX structure of cytochrome P450nor: dark-2 data in the absence of NADH (resting state),2.1,X-ray,Fusarium oxysporum,5507,"[""P23295""]",MASGAPSFPFSRASGPEPPAEFAKLRATNPVSQVKLFDGSLAWLVTKHKDVCFVATSEKLSKVRTRQGFPELSASGKQAAKAKPTFVDMDPPEHMHQRSMVEPTFTPEAVKNLQPYIQRTVDDLLEQMKQKGCANGPVDLVKEFALPVPSYIIYTLLGVPFNDLEYLTQQNAIRTNGSSTAREASAANQELLDYLAILVEQRLVEPKDDIISKLCTEQVKPGNIDKSDAVQIAFLLLVAGNATMVNMIALGVATLAQHPDQLAQLKANPSLAPQFVEELCRYHTASALAIKRTAKEDVMIGDKLVRANEGIIASNQSANRDEEVFENPDEFNMNRKWPPQDPLGFGFGDHRCIAEHLAKAELTTVFSTLYQKFPDLKVAVPLGKINYTPLNRDVGIVDLPVIF,403,HEM:PROTOPORPHYRIN IX CONTAINING FE,fungi,fungi
5Y5M,1,SFX structure of cytochrome P450nor: a complete dark data without pump laser (resting state),2.1,X-ray,Fusarium oxysporum,5507,"[""P23295""]",MASGAPSFPFSRASGPEPPAEFAKLRATNPVSQVKLFDGSLAWLVTKHKDVCFVATSEKLSKVRTRQGFPELSASGKQAAKAKPTFVDMDPPEHMHQRSMVEPTFTPEAVKNLQPYIQRTVDDLLEQMKQKGCANGPVDLVKEFALPVPSYIIYTLLGVPFNDLEYLTQQNAIRTNGSSTAREASAANQELLDYLAILVEQRLVEPKDDIISKLCTEQVKPGNIDKSDAVQIAFLLLVAGNATMVNMIALGVATLAQHPDQLAQLKANPSLAPQFVEELCRYHTASALAIKRTAKEDVMIGDKLVRANEGIIASNQSANRDEEVFENPDEFNMNRKWPPQDPLGFGFGDHRCIAEHLAKAELTTVFSTLYQKFPDLKVAVPLGKINYTPLNRDVGIVDLPVIF,403,HEM:PROTOPORPHYRIN IX CONTAINING FE,fungi,fungi
6CR2,1,"Crystal structure of sterol 14-alpha demethylase (CYP51B) from Aspergillus fumigatus in complex with the VNI derivative N-(1-(2,4-dichlorophenyl)-2-(1H-imidazol-1-yl)ethyl)-4-(5-(2-fluoro-4-(2,2,2-trifluoroethoxy)phenyl)-1,3,4-oxadiazol-2-yl)benzamide",2.38,X-ray,Aspergillus fumigatus Af293,330879,"[""E9QY26""]",MAKKTPPVVFHWFPFIGSTISYGIDPYKFFFDCRAKYGDIFTFILLGKKTTVYLGTKGNDFILNGKLRDVCAEEVYSPLTTPVFGRHVVYDCPNAKLMEQKKFVKYGLTSDALRSYVPLITDEVESFVKNSPAFQGHKGVFDVCKTIAEITIYTASRSLQGKEVRSKFDSTFAELYHNLDMGFAPINFMLPWAPLPHNRKRDAAQRKLTETYMEIIKARRQAGSKKDSEDMVWNLMSCVYKNGTPVPDEEIAHMMIALLMAGQHSSSSTASWIVLRLATRPDIMEELYQEQIRVLGSDLPPLTYDNLQKLDLHAKVIKETLRLHAPIHSIIRAVKNPMAVDGTSYVIPTSHNVLSSPGVTARSEEHFPNPLEWNPHRWDENIAASAEDDEKVDYGYGLVSKGTNSPYLPFGAGRHRCIGEQFAYLQLGTITAVLVRLFRFRNLPGVDGIPDTDYSSLFSKPLGRSFVEFEKRHHHHH,477,"LFV:N-[(1R)-1-(2,4-dichlorophenyl)-2-(1H-imidazol-1-yl)ethyl]-4-{5-[2-fluoro-4-(2,2,2-trifluoroethoxy)phenyl]-1,3,4-oxadiazol-2-yl}benzamide; HEM:PROTOPORPHYRIN IX CONTAINING FE",fungi,fungi
6E8Q,1,S. CEREVISIAE CYP51 COMPLEXED WITH Posaconazole,2.2,X-ray,Saccharomyces cerevisiae YJM789,307796,"[""A6ZSR0""]",MSATKSIVGEALEYVNIGLSHFLALPLAQRISLIIIIPFIYNIVWQLLYSLRKDRPPLVFYWIPWVGSAVVYGMKPYEFFEECQKKYGDIFSFVLLGRVMTVYLGPKGHEFVFNAKLADVSAEAAYAHLTTPVFGKGVIYDCPNSRLMEQKKFVKGALTKEAFKSYVPLIAEEVYKYFRDSKNFRLNERTTGTIDVMVTQPEMTIFTASRSLLGKEMRAKLDTDFAYLYSDLDKGFTPINFVFPNLPLEHYRKRDHAQKAISGTYMSLIKERRKNNDIQDRDLIDSLMKNSTYKDGVKMTDQEIANLLIGVLMGGQHTSAATSAWILLHLAERPDVQQELYEEQMRVLDGGKKELTYDLLQEMPLLNQTIKETLRMHHPLHSLFRKVMKDMHVPNTSYVIPAGYHVLVSPGYTHLRDEYFPNAHQFNIHRWNNDSASSYSVGEEVDYGFGAISKGVSSPYLPFGGGRHRCIGEHFAYCQLGVLMSIFIRTLKWHYPEGKTVPPPDFTSMVTLPTGPAKIIWEKRNPEQKIGGRHHHHHH,539,HEM:PROTOPORPHYRIN IX CONTAINING FE; X2N:POSACONAZOLE; 1PE:PENTAETHYLENE GLYCOL; LMT:DODECYL-BETA-D-MALTOSIDE,fungi,fungi
7DVO,1,Structure of Reaction Intermediate of Cytochrome P450 NO Reductase (P450nor) Determined by XFEL,1.8,X-ray,Fusarium oxysporum,5507,"[""P23295""]",MASGAPSFPFSRASGPEPPAEFAKLRATNPVSQVKLFDGSLAWLVTKHKDVCFVATSEKLSKVRTRQGFPELSASGKQAAKAKPTFVDMDPPEHMHQRSMVEPTFTPEAVKNLQPYIQRTVDDLLEQMKQKGCANGPVDLVKEFALPVPSYIIYTLLGVPFNDLEYLTQQNAIRTNGSSTAREASAANQELLDYLAILVEQRLVEPKDDIISKLCTEQVKPGNIDKSDAVQIAFLLLVAGNATMVNMIALGVATLAQHPDQLAQLKANPSLAPQFVEELCRYHTASALAIKRTAKEDVMIGDKLVRANEGIIASNQSANRDEEVFENPDEFNMNRKWPPQDPLGFGFGDHRCIAEHLAKAELTTVFSTLYQKFPDLKVAVPLGKINYTPLNRDVGIVDLPVIF,403,HEM:PROTOPORPHYRIN IX CONTAINING FE; NO:NITRIC OXIDE; GOL:GLYCEROL,fungi,fungi
7RY8,1,S. CEREVISIAE CYP51 Y140H mutant COMPLEXED WITH Voriconazole,1.98,X-ray,Saccharomyces cerevisiae YJM789,307796,"[""P10614""]",MSATKSIVGEALEYVNIGLSHFLALPLAQRISLIIIIPFIYNIVWQLLYSLRKDRPPLVFYWIPWVGSAVVYGMKPYEFFEECQKKYGDIFSFVLLGRVMTVYLGPKGHEFVFNAKLADVSAEAAYAHLTTPVFGKGVIHDCPNSRLMEQKKFVKGALTKEAFKSYVPLIAEEVYKYFRDSKNFRLNERTTGTIDVMVTQPEMTIFTASRSLLGKEMRAKLDTDFAYLYSDLDKGFTPINFVFPNLPLEHYRKRDHAQKAISGTYMSLIKERRKNNDIQDRDLIDSLMKNSTYKDGVKMTDQEIANLLIGVLMGGQHTSAATSAWILLHLAERPDVQQELYEEQMRVLDGGKKELTYDLLQEMPLLNQTIKETLRMHHPLHSLFRKVMKDMHVPNTSYVIPAGYHVLVSPGYTHLRDEYFPNAHQFNIHRWNNDSASSYSVGEEVDYGFGAISKGVSSPYLPFGGGRHRCIGEHFAYCQLGVLMSIFIRTLKWHYPEGKTVPPPDFTSMVTLPTGPAKIIWEKRNPEQKIGGRHHHHHH,539,HEM:PROTOPORPHYRIN IX CONTAINING FE; BGC:beta-D-glucopyranose; 1PE:PENTAETHYLENE GLYCOL; VOR:Voriconazole,fungi,fungi
7RY9,1,S. CEREVISIAE CYP51 I471T mutant COMPLEXED WITH Voriconazole,2.4,X-ray,Saccharomyces cerevisiae YJM789,307796,"[""P10614""]",MSATKSIVGEALEYVNIGLSHFLALPLAQRISLIIIIPFIYNIVWQLLYSLRKDRPPLVFYWIPWVGSAVVYGMKPYEFFEECQKKYGDIFSFVLLGRVMTVYLGPKGHEFVFNAKLADVSAEAAYAHLTTPVFGKGVIYDCPNSRLMEQKKFVKGALTKEAFKSYVPLIAEEVYKYFRDSKNFRLNERTTGTIDVMVTQPEMTIFTASRSLLGKEMRAKLDTDFAYLYSDLDKGFTPINFVFPNLPLEHYRKRDHAQKAISGTYMSLIKERRKNNDIQDRDLIDSLMKNSTYKDGVKMTDQEIANLLIGVLMGGQHTSAATSAWILLHLAERPDVQQELYEEQMRVLDGGKKELTYDLLQEMPLLNQTIKETLRMHHPLHSLFRKVMKDMHVPNTSYVIPAGYHVLVSPGYTHLRDEYFPNAHQFNIHRWNNDSASSYSVGEEVDYGFGAISKGVSSPYLPFGGGRHRCTGEHFAYCQLGVLMSIFIRTLKWHYPEGKTVPPPDFTSMVTLPTGPAKIIWEKRNPEQKIGGRHHHHHH,539,HEM:PROTOPORPHYRIN IX CONTAINING FE; VOR:Voriconazole; PG4:TETRAETHYLENE GLYCOL,fungi,fungi
7RYA,1,S. CEREVISIAE CYP51 I471T MUTANT COMPLEXED WITH ITRACONAZOLE,2.1,X-ray,Saccharomyces cerevisiae YJM789,307796,"[""P10614""]",MSATKSIVGEALEYVNIGLSHFLALPLAQRISLIIIIPFIYNIVWQLLYSLRKDRPPLVFYWIPWVGSAVVYGMKPYEFFEECQKKYGDIFSFVLLGRVMTVYLGPKGHEFVFNAKLADVSAEAAYAHLTTPVFGKGVIYDCPNSRLMEQKKFVKGALTKEAFKSYVPLIAEEVYKYFRDSKNFRLNERTTGTIDVMVTQPEMTIFTASRSLLGKEMRAKLDTDFAYLYSDLDKGFTPINFVFPNLPLEHYRKRDHAQKAISGTYMSLIKERRKNNDIQDRDLIDSLMKNSTYKDGVKMTDQEIANLLIGVLMGGQHTSAATSAWILLHLAERPDVQQELYEEQMRVLDGGKKELTYDLLQEMPLLNQTIKETLRMHHPLHSLFRKVMKDMHVPNTSYVIPAGYHVLVSPGYTHLRDEYFPNAHQFNIHRWNNDSASSYSVGEEVDYGFGAISKGVSSPYLPFGGGRHRCTGEHFAYCQLGVLMSIFIRTLKWHYPEGKTVPPPDFTSMVTLPTGPAKIIWEKRNPEQKIGGRHHHHHH,539,"1YN:2-[(2R)-butan-2-yl]-4-{4-[4-(4-{[(2R,4S)-2-(2,4-dichlorophenyl)-2-(1H-1,2,4-triazol-1-ylmethyl)-1,3-dioxolan-4-yl]methoxy}phenyl)piperazin-1-yl]phenyl}-2,4-dihydro-3H-1,2,4-triazol-3-one; HEM:PROTOPORPHYRIN IX CONTAINING FE",fungi,fungi
7RYB,1,S. CEREVISIAE CYP51 Y140H/I471T - double mutant COMPLEXED WITH Voriconazole,2.9,X-ray,Saccharomyces cerevisiae YJM789,307796,"[""P10614""]",MSATKSIVGEALEYVNIGLSHFLALPLAQRISLIIIIPFIYNIVWQLLYSLRKDRPPLVFYWIPWVGSAVVYGMKPYEFFEECQKKYGDIFSFVLLGRVMTVYLGPKGHEFVFNAKLADVSAEAAYAHLTTPVFGKGVIHDCPNSRLMEQKKFVKGALTKEAFKSYVPLIAEEVYKYFRDSKNFRLNERTTGTIDVMVTQPEMTIFTASRSLLGKEMRAKLDTDFAYLYSDLDKGFTPINFVFPNLPLEHYRKRDHAQKAISGTYMSLIKERRKNNDIQDRDLIDSLMKNSTYKDGVKMTDQEIANLLIGVLMGGQHTSAATSAWILLHLAERPDVQQELYEEQMRVLDGGKKELTYDLLQEMPLLNQTIKETLRMHHPLHSLFRKVMKDMHVPNTSYVIPAGYHVLVSPGYTHLRDEYFPNAHQFNIHRWNNDSASSYSVGEEVDYGFGAISKGVSSPYLPFGGGRHRCTGEHFAYCQLGVLMSIFIRTLKWHYPEGKTVPPPDFTSMVTLPTGPAKIIWEKRNPEQKIGGRHHHHHH,539,HEM:PROTOPORPHYRIN IX CONTAINING FE; VOR:Voriconazole,fungi,fungi
7RYX,1,S. CEREVISIAE CYP51 COMPLEXED WITH VT-1129,2.1,X-ray,Saccharomyces cerevisiae YJM789,307796,"[""P10614""]",MSATKSIVGEALEYVNIGLSHFLALPLAQRISLIIIIPFIYNIVWQLLYSLRKDRPPLVFYWIPWVGSAVVYGMKPYEFFEECQKKYGDIFSFVLLGRVMTVYLGPKGHEFVFNAKLADVSAEAAYAHLTTPVFGKGVIYDCPNSRLMEQKKFVKGALTKEAFKSYVPLIAEEVYKYFRDSKNFRLNERTTGTIDVMVTQPEMTIFTASRSLLGKEMRAKLDTDFAYLYSDLDKGFTPINFVFPNLPLEHYRKRDHAQKAISGTYMSLIKERRKNNDIQDRDLIDSLMKNSTYKDGVKMTDQEIANLLIGVLMGGQHTSAATSAWILLHLAERPDVQQELYEEQMRVLDGGKKELTYDLLQEMPLLNQTIKETLRMHHPLHSLFRKVMKDMHVPNTSYVIPAGYHVLVSPGYTHLRDEYFPNAHQFNIHRWNNDSASSYSVGEEVDYGFGAISKGVSSPYLPFGGGRHRCIGEHFAYCQLGVLMSIFIRTLKWHYPEGKTVPPPDFTSMVTLPTGPAKIIWEKRNPEQKIGGRHHH,536,"81H:(2R)-2-(2,4-difluorophenyl)-1,1-difluoro-3-(1H-tetrazol-1-yl)-1-{5-[4-(trifluoromethoxy)phenyl]pyridin-2-yl}propan-2-ol; HEM:PROTOPORPHYRIN IX CONTAINING FE",fungi,fungi
8DL4,1,S. CEREVISIAE CYP51 COMPLEXED WITH Courmarin-containing INHIBITOR,1.91,X-ray,Saccharomyces cerevisiae YJM789,307796,"[""P10614""]",MSATKSIVGEALEYVNIGLSHFLALPLAQRISLIIIIPFIYNIVWQLLYSLRKDRPPLVFYWIPWVGSAVVYGMKPYEFFEECQKKYGDIFSFVLLGRVMTVYLGPKGHEFVFNAKLADVSAEAAYAHLTTPVFGKGVIYDCPNSRLMEQKKFVKGALTKEAFKSYVPLIAEEVYKYFRDSKNFRLNERTTGTIDVMVTQPEMTIFTASRSLLGKEMRAKLDTDFAYLYSDLDKGFTPINFVFPNLPLEHYRKRDHAQKAISGTYMSLIKERRKNNDIQDRDLIDSLMKNSTYKDGVKMTDQEIANLLIGVLMGGQHTSAATSAWILLHLAERPDVQQELYEEQMRVLDGGKKELTYDLLQEMPLLNQTIKETLRMHHPLHSLFRKVMKDMHVPNTSYVIPAGYHVLVSPGYTHLRDEYFPNAHQFNIHRWNNDSASSYSVGEEVDYGFGAISKGVSSPYLPFGGGRHRCIGEHFAYCQLGVLMSIFIRTLKWHYPEGKTVPPPDFTSMVTLPTGPAKIIWEKRNPEQKIGGRHHHHHH,539,"HEM:PROTOPORPHYRIN IX CONTAINING FE; 1PE:PENTAETHYLENE GLYCOL; BGC:beta-D-glucopyranose; SKX:7-(diethylamino)-N-[(2S)-2-(2,4-difluorophenyl)-2-hydroxy-3-(1H-1,2,4-triazol-1-yl)propyl]-2-oxo-2H-1-benzopyran-3-carboxamide",fungi,fungi
8VK6,1,14alpha-demethylase (CYP51) with amide-linked long arm extension antifungal azole inhibitor,1.89,X-ray,Saccharomyces cerevisiae YJM789,307796,"[""P10614""]",MSATKSIVGEALEYVNIGLSHFLALPLAQRISLIIIIPFIYNIVWQLLYSLRKDRPPLVFYWIPWVGSAVVYGMKPYEFFEECQKKYGDIFSFVLLGRVMTVYLGPKGHEFVFNAKLADVSAEAAYAHLTTPVFGKGVIYDCPNSRLMEQKKFVKGALTKEAFKSYVPLIAEEVYKYFRDSKNFRLNERTTGTIDVMVTQPEMTIFTASRSLLGKEMRAKLDTDFAYLYSDLDKGFTPINFVFPNLPLEHYRKRDHAQKAISGTYMSLIKERRKNNDIQDRDLIDSLMKNSTYKDGVKMTDQEIANLLIGVLMGGQHTSAATSAWILLHLAERPDVQQELYEEQMRVLDGGKKELTYDLLQEMPLLNQTIKETLRMHHPLHSLFRKVMKDMHVPNTSYVIPAGYHVLVSPGYTHLRDEYFPNAHQFNIHRWNNDSASSYSVGEEVDYGFGAISKGVSSPYLPFGGGRHRCIGEHFAYCQLGVLMSIFIRTLKWHYPEGKTVPPPDFTSMVTLPTGPAKIIWEKRNPEQKIGGRHHHHHH,539,"HEM:PROTOPORPHYRIN IX CONTAINING FE; A1AB6:N-[(2S)-2-(2,4-difluorophenyl)-2-hydroxy-3-(1H-1,2,4-triazol-1-yl)propyl]-4'-(trifluoromethoxy)[1,1'-biphenyl]-4-carboxamide; 1PE:PENTAETHYLENE GLYCOL; LMT:DODECYL-BETA-D-MALTOSIDE",fungi,fungi
