uniprot_id,organism_name,organism_id,lineage,category,subcategory,is_bia_related,protein_families,has_heme,ec_numbers,positive_substrate_count,negative_substrate_count,total_pairs,positive_substrates_smiles,sample_positive_substrates,sequence
A0A0T9WNE5,Mycobacterium tuberculosis,1773,"cellular organisms (no rank), Bacteria (domain), Bacillati (kingdom), Actinomycetota (phylum), Actinomycetes (class), Mycobacteriales (order), Mycobacteriaceae (family), Mycobacterium (genus), Mycobacterium tuberculosis complex (no rank)",Bacteria,Bacteria,False,Cytochrome P450 family,True,1.14.19.70; 2.7.4.9; 1.14.19.20; 1.3.5.1; 2.3.1.137; 1.14.19.44; 3.1.1.1; 1.14.13.84; 1.14.14.58; 2.1.1.41; 1.14.16.2; 1.14.19.3; 1.1.1.41; 1.1.1.159; 1.14.15.4,1.0,14.0,15.0,OC1=N[C@@H](Cc2ccc(O)cc2)C(O)=N[C@H]1Cc1ccc(O)cc1,OC1=N[C@@H](Cc2ccc(O)cc2)C(O)=N[C@H]1Cc1ccc(O)cc1,MTATVLLEVPFSARGDRIPDAVAELRTREPIRKVRTITGAEAWLVSSYALCTQVLEDRRFSMKETAAAGAPRLNALTVPPEVVNNMGNIADAGLRKAVMKAITPKAPGLEQFLRDTANSLLDNLITEGAPADLRNDFADPLATALHCKVLGIPQEDGPKLFRSLSIAFMSSADPIPAAKINWDRDIEYMAGILENPNITTGLMGELSRLRKDPAYSHVSDELFATIGVTFFGAGVISTGSFLTTALISLIQRPQLRNLLHEKPELIPAGVEELLRINLSFADGLPRLATADIQVGDVLVRKGELVLVLLEGANFDPEHFPNPGSIELDRPNPTSHLAFGRGQHFCPGSALGRRHAQIGIEALLKKMPGVDLAVPIDQLVWRTRFQRRIPERLPVLW
A0A653FHY2,Mycolicibacterium smegmatis (Mycobacterium smegmatis),1772,"cellular organisms (no rank), Bacteria (domain), Bacillati (kingdom), Actinomycetota (phylum), Actinomycetes (class), Mycobacteriales (order), Mycobacteriaceae (family), Mycolicibacterium (genus)",Bacteria,Bacteria,False,,,,,,,,,
A0A655A8T0,Mycobacterium tuberculosis,1773,"cellular organisms (no rank), Bacteria (domain), Bacillati (kingdom), Actinomycetota (phylum), Actinomycetes (class), Mycobacteriales (order), Mycobacteriaceae (family), Mycobacterium (genus), Mycobacterium tuberculosis complex (no rank)",Bacteria,Bacteria,False,Cytochrome P450 family,True,1.14.14.154; 1.14.16.1; 7.2.1.1; 1.14.14.24; 1.14.14.126; 1.14.13.222; 1.14.14.9; 1.14.14.80; 1.14.14.107; 2.4.1.41; 1.1.1.37; 1.2.98.1; 1.14.19.39; 1.14.13.7; 1.14.13.8; 1.1.1.73; 1.14.14.81; 1.1.5.2; 1.1.1.21; 1.3.1.124; 1.4.3.4; 1.14.14.51; 3.5.2.2; 1.14.99.22; 1.14.15.4; 1.14.13.1; 1.14.14.94; 1.2.1.4; 1.14.16.2; 1.1.1.237; 1.14.14.29; 1.14.14.45; 1.14.13.22; 2.1.1.67; 3.1.3.16; 1.14.11.2; 2.7.1.3; 1.14.14.21; 1.14.14.82; 1.11.1.18; 1.14.20.13; 1.14.13.24; 1.14.17.3; 4.1.1.49; 1.2.1.11; 2.1.1.164; 1.14.15.6; 1.14.14.3; 2.4.1.109; 2.3.1.255; 2.3.1.167; 1.1.1.11; 3.3.2.10; 1.1.1.284; 1.14.14.11; 1.3.1.24; 1.14.13.84; 3.1.1.8; 1.14.13.25; 1.14.12.13; 3.4.16.4; 2.7.8.43; 1.1.1.146; 1.1.1.1; 2.4.1.15; 1.14.19.20; 1.5.1.3; 4.1.1.22; 1.1.3.17; 1.8.3.2; 1.14.14.32,4.0,79.0,83.0,CC(C)CCC[C@@H](C)[C@H]1CC[C@@]2(C)C3=C(CC[C@]12C)[C@@]1(C)CC[C@H](O)C(C)(C)[C@@H]1CC3 | O=O | CC(C)=CCC[C@@H](C)[C@H]1CC[C@@]2(C)C3=C(CC[C@]12C)[C@@]1(C)CC[C@H](O)C(C)(C)[C@@H]1CC3 | C[C@]12CC[C@@H]3c4ccc(O)cc4CC[C@H]3[C@@H]1C[C@@H](O)[C@@H]2O,CC(C)CCC[C@@H](C)[C@H]1CC[C@@]2(C)C3=C(CC[C@]12C)[C@@]1(C)CC[C@H](O)C(C)(C)[C@@H]1CC3 | O=O | CC(C)=CCC[C@@H](C)[C@H]1CC[C@@]2(C)C3=C(CC[C@]12C)[C@@]1(C)CC[C@H](O)C(C)(C)[C@@H]1CC3,MRLQQRVNSPGWRRAMAARKRIDDLIDAQIADARTAPRPDDHMLTTLISGCSEEGTTLSDNEIRDSIVSLITAGYETTSGALAWAIYALLTVPGTWESAASEVARVLGGRVPAADDLSALTYLNGVVHETLRLYSPGVISARRVLRDLWFDGHRIRAGRLLIFSAYVTHRLPEIWPEPTEFRPLRWDPNAADYRKPAPHEFIPFSGGLHRCIGAVMATTEMTVILARLVARAMLQLPAQRTHRIRAANFAALRPWPGLTVEIRKSAPAQ
B4XY99,Streptomyces sahachiroi,285525,"cellular organisms (no rank), Bacteria (domain), Bacillati (kingdom), Actinomycetota (phylum), Actinomycetes (class), Kitasatosporales (order), Streptomycetaceae (family), Streptomyces (genus)",Bacteria,Bacteria,False,Cytochrome P450 family,True,1.14.13.189; 1.14.12.12; 1.14.13.44; 1.14.14.80; 1.14.17.3; 1.1.1.405; 2.7.1.113; 1.14.13.105; 1.11.1.5; 2.7.7.50; 6.3.2.3; 1.14.13.8; 1.1.1.267; 1.14.13.160; 1.14.20.1,1.0,14.0,15.0,Cc1cccc2c(C(=O)O)cccc12,Cc1cccc2c(C(=O)O)cccc12,MTTEAADATDRLVTAFDHHDPGYTPRTAERINTEIRERGVTWSPAYGGIWILSRYADVRAALTDWRTYSSARGVHFPRAEGMPMFSPIDYDPPAQRGIRERMAAPMTGDAVSAMVPELRRMVARLLAPLAGRGHGDLMAEFAEPFAIEVLGVAFGLSESCRARIREATRTMWTYISADRDASKFWPAFHALLAEEVERVRDEPDGSYLARLAAMRRDGSPLPDEELYSIIVSFCVAGHDNTMNSITRLVHTLAQDPALQLRLRREPELRPAVAEEALRRWCPTDRFTRVTTREVTVAGTVIPAGARVVLLFDAANRDPEKFPDPDTFDPDRGNSHQHLSFGHGIHHCMGVHLARAEFAAVLDELSRLPLFDLEQPSDLHFENGRHIMFDRVSVRFRTGEEH
C4B644,Pseudonocardia autotrophica (Amycolata autotrophica) (Nocardia autotrophica),2074,"cellular organisms (no rank), Bacteria (domain), Bacillati (kingdom), Actinomycetota (phylum), Actinomycetes (class), Pseudonocardiales (order), Pseudonocardiaceae (family), Pseudonocardia (genus)",Bacteria,Bacteria,False,,,,,,,,,
C9K1X6,Streptomyces melanosporofaciens,67327,"cellular organisms (no rank), Bacteria (domain), Bacillati (kingdom), Actinomycetota (phylum), Actinomycetes (class), Kitasatosporales (order), Streptomycetaceae (family), Streptomyces (genus), Streptomyces violaceusniger group (no rank)",Bacteria,Bacteria,False,Cytochrome P450 family,True,1.14.99.61; 6.2.1.1; 2.6.1.82; 1.14.12.11; 3.1.1.8; 1.14.13.24; 1.14.99.29; 1.14.99.22; 1.14.99.66,1.0,8.0,9.0,CC(C)[C@@H]1CC[C@@]2(C)C[C@H]3[C@@H](C)CC[C@@H]3[C@](C)(O)C/C=C/12,CC(C)[C@@H]1CC[C@@]2(C)C[C@H]3[C@@H](C)CC[C@@H]3[C@](C)(O)C/C=C/12,MRERGPVTPAKSSAPPERPWTTGTAPGSVPLLGHTMALWRRPLQFLASLPAHGDLVEVRLGPSRAYLACHPELVRQVLLNPRVFDKGGVFDKARQLLGNSLSVSRGEDHRYQRRMIQPAFHTPKIAAYTAAVADDTRAAIGSWEPGRTLDISDTMHALLMRVAARTLFSTGIDEATIDEARHCLRIVSDGIYKRTMAPLGIMEKLPTPGNRRYDRANARLRQIVDEMIRERRRSGADHGDLLSTLLRAEHPETGKGLDDGEVLDQVVTFLVAGSETTASTLAFVFHLLGAHPEVEKRVHAEIDEILEGRSPTFEDLPSLEYTRGVITESLRLYPPSWMAMRVTAAETELGGRTVPAGTMILYSAQALHHNPELFPDPERFDPERWLGDRAKEVERGALLPFGAGSHKCIGDVLALTETALIVATIASRWRLRPVPGTTLRPEPKATLEPGPLPMVCEPR
C9K1X7,Streptomyces melanosporofaciens,67327,"cellular organisms (no rank), Bacteria (domain), Bacillati (kingdom), Actinomycetota (phylum), Actinomycetes (class), Kitasatosporales (order), Streptomycetaceae (family), Streptomyces (genus), Streptomyces violaceusniger group (no rank)",Bacteria,Bacteria,False,Cytochrome P450 family,True,1.14.99.62; 1.14.99.22; 1.14.99.66; 1.4.1.3; 1.1.1.145; 2.5.1.55; 1.14.99.1; 1.14.18.10; 1.14.16.2; 1.5.1.11; 1.1.1.91; 2.7.1.153,1.0,11.0,12.0,CC(C)[C@H]1CC[C@]2(C)C[C@H]3[C@@H]([C@H](O)C[C@H]3C)[C@@](C)(O)C/C=C/12,CC(C)[C@H]1CC[C@]2(C)C[C@H]3[C@@H]([C@H](O)C[C@H]3C)[C@@](C)(O)C/C=C/12,MKDFFRMRTAQQPATRHWRHTVAPGGLPLAGHALLMARKPLQFLASLPAHGDLVELRLGPRPVYLPCHPELVQQVLVNARVYDTGGPVKEKAKPILGNGLITSDWADHRRQRRLVQPAFHTARIAKYAEVMERECEAESTAWTARRPIDVSHEMLALTARVTARALFSTDMAPHAVAEIQHCLPIVVEGAYRQAIDPTGLLAKLPLAANRRFDDALARLNQLIDRMIDDYKASDDGDRGDVLSALFAAQDDETGGTMSDQEIHDQVMTLLLAGIETTASALTWAWFLLGRNPGAEAALHAEVDEVLGGRAPRYADVPRLAYTQRVFSEALRLFPPAWLFTRTTTETTELGGRRLPPASDVLISPYVLHRDPALFPRPDSFDPDRWLPERAKEVTRGSYLPFGGGSRKCIGDVFGMTEATLALAAIAGRWRMRPIPGTKIRPRPQMSLTAGPLRMIPEPR
E3VWI3,Streptomyces arenae,29301,"cellular organisms (no rank), Bacteria (domain), Bacillati (kingdom), Actinomycetota (phylum), Actinomycetes (class), Kitasatosporales (order), Streptomycetaceae (family), Streptomyces (genus)",Bacteria,Bacteria,False,,,,,,,,,
E3VWJ9,Streptomyces exfoliatus (Streptomyces hydrogenans),1905,"cellular organisms (no rank), Bacteria (domain), Bacillati (kingdom), Actinomycetota (phylum), Actinomycetes (class), Kitasatosporales (order), Streptomycetaceae (family), Streptomyces (genus)",Bacteria,Bacteria,False,,,,,,,,,
O24782,Sphingomonas paucimobilis (Pseudomonas paucimobilis),13689,"cellular organisms (no rank), Bacteria (domain), Pseudomonadati (kingdom), Pseudomonadota (phylum), Alphaproteobacteria (class), Sphingomonadales (order), Sphingomonadaceae (family), Sphingomonas (genus)",Bacteria,Bacteria,False,Cytochrome P450 family,True,1.11.2.4; 1.11.2.1; 1.5.3.13; 3.2.1.57,1.0,8.0,9.0,OO,OO,MPKTPHTKGPDETLSLLADPYRFISRQCQRLGANAFESRFLLKKTNCLKGAKAAEIFYDTTRFEREGAMPVAIQKTLLGQGGVQGLDGETHRHRKQMFMGLMTPERVRALAQLFEAEWRRAVPGWTRKGEIVFYDELHEPLTRAVCAWAGVPLPDDEAGNRAGELRALFDAAGSASPRHLWSRLARRRVDAWAKRIIEGIRAGSIGSGSGTAAYAIAWHRDRHDDLLSPHVAAVELVNVLRPTVAIAVYITFVAHALQTCSGIRAALVQQPDYAELFVQEVRRFYPFFPAVVARASQDFEWEGMAFPEGRQVVLDLYGSNHDAATWADPQEFRPERFRAWDEDSFNFIPQGGGDHYLGHRCPGEWIVLAIMKVAAHLLVNAMRYDVPDQDLSIDFARLPALPKSGFVMRNVHIGG
Q06069,Priestia megaterium (Bacillus megaterium),1404,"cellular organisms (no rank), Bacteria (domain), Bacillati (kingdom), Bacillota (phylum), Bacilli (class), Bacillales (order), Bacillaceae (family), Priestia (genus)",Bacteria,Bacteria,False,Cytochrome P450 family,True,1.14.15.8; 1.14.99.14; 1.14.15.24; 2.3.2.15; 1.5.1.50; 1.14.14.80; 1.14.15.18; 1.14.14.127; 3.1.3.5; 1.6.5.10; 1.2.1.5; 1.14.15.4; 1.14.12.11; 1.3.1.106; 1.8.4.11; 1.14.14.11; 1.8.1.12; 3.1.1.1; 1.1.1.239; 1.1.5.5; 1.1.1.2; 1.14.13.44; 1.14.15.13; 1.3.8.7; 1.8.99.2; 3.1.4.3; 1.14.15.16; 2.7.11.31; 1.14.16.2; 3.4.21.117; 1.14.17.3; 1.14.13.8; 1.4.3.3; 3.2.1.52; 1.14.13.22; 2.3.1.258; 1.1.99.29; 1.14.14.90; 1.14.14.154; 1.14.14.33; 1.14.14.21; 1.1.1.53; 1.14.19.51; 1.14.13.84; 5.3.3.8; 1.14.13.81; 3.4.24.15; 2.4.2.3; 1.1.1.423; 1.14.19.3; 1.14.18.1; 3.4.11.2; 1.14.12.13; 1.14.11.29; 2.6.1.7; 1.14.14.23,5.0,68.0,73.0,C[C@H]1[C@H](C)CC[C@]2(C)CC[C@]3(C)C(=CC(=O)[C@@H]4[C@@]5(C)CC[C@@H](O)[C@](C)(C(=O)O)[C@@H]5CC[C@]43C)[C@H]12 | C[C@]12CC[C@H]3[C@@H](CCC4=CC(=O)CC[C@@]43C)[C@@H]1CC[C@@H]2C(=O)CO | O=O | C[C@@H]1C[C@H]2C3C[C@H](F)C4=CC(=O)CCC4(C)[C@H]3CCC2(C)C1C(=O)CO | N=C(O)C1=CN([C@@H]2O[C@H](COP(=O)(O)OP(=O)(O)OC[C@H]3O[C@@H](n4cnc5c(N)ncnc54)[C@H](OP(=O)(O)O)[C@@H]3O)[C@@H](O)[C@H]2O)C=CC1,C[C@H]1[C@H](C)CC[C@]2(C)CC[C@]3(C)C(=CC(=O)[C@@H]4[C@@]5(C)CC[C@@H](O)[C@](C)(C(=O)O)[C@@H]5CC[C@]43C)[C@H]12 | C[C@]12CC[C@H]3[C@@H](CCC4=CC(=O)CC[C@@]43C)[C@@H]1CC[C@@H]2C(=O)CO | O=O,MKEVIAVKEITRFKTRTEEFSPYAWCKRMLENDPVSYHEGTDTWNVFKYEDVKRVLSDYKHFSSVRKRTTISVGTDSEEGSVPEKIQITESDPPDHRKRRSLLAAAFTPRSLQNWEPRIQEIADELIGQMDGGTEIDIVASLASPLPIIVMADLMGVPSKDRLLFKKWVDTLFLPFDREKQEEVDKLKQVAAKEYYQYLYPIVVQKRLNPADDIISDLLKSEVDGEMFTDDEVVRTTMLILGAGVETTSHLLANSFYSLLYDDKEVYQELHENLDLVPQAVEEMLRFRFNLIKLDRTVKEDNDLLGVELKEGDSVVVWMSAANMDEEMFEDPFTLNIHRPNNKKHLTFGNGPHFCLGAPLARLEAKIALTAFLKKFKHIEAVPSFQLEENLTDSATGQTLTSLPLKASRM
Q06IS2,Streptomyces longisporoflavus,28044,"cellular organisms (no rank), Bacteria (domain), Bacillati (kingdom), Actinomycetota (phylum), Actinomycetes (class), Kitasatosporales (order), Streptomycetaceae (family), Streptomyces (genus)",Bacteria,Bacteria,False,,,,,,,,,
Q52TE7,Rhodococcus ruber,1830,"cellular organisms (no rank), Bacteria (domain), Bacillati (kingdom), Actinomycetota (phylum), Actinomycetes (class), Mycobacteriales (order), Nocardiaceae (family), Rhodococcus (genus)",Bacteria,Bacteria,False,Cytochrome P450 family,True,1.14.14.1; 1.1.1.209; 1.4.3.21; 1.14.14.82; 1.13.11.1; 1.14.14.86; 1.14.14.83; 1.14.12.11; 4.4.1.1; 2.1.1.68; 1.1.1.10; 1.14.14.91; 1.14.14.22; 1.14.12.24; 1.14.14.54; 1.14.15.16; 2.3.1.151; 2.4.1.13; 4.3.1.1; 1.14.14.133; 6.1.1.2; 1.14.13.82; 1.14.13.101; 1.14.14.87; 1.14.13.114; 1.13.11.2; 3.1.3.2; 1.4.1.18; 1.14.14.160; 1.14.14.126; 1.14.13.222; 1.14.14.173; 1.14.15.7; 1.1.1.34; 1.5.99.12; 3.2.1.52; 1.11.1.10; 1.7.2.5; 1.17.1.3; 1.14.14.149; 1.14.14.B9; 3.2.1.55; 2.6.1.9; 1.14.16.1; 1.1.1.2; 1.14.19.4; 3.6.5.2; 1.14.14.16; 6.2.1.13; 1.14.14.20; 1.8.1.4; 1.14.18.1; 1.14.19.59; 1.3.1.12; 1.14.13.160; 1.3.1.32; 1.2.1.44; 1.14.14.103; 1.14.14.137; 1.14.16.2; 1.1.1.405; 1.14.13.25; 1.14.19.50; 1.14.14.30; 1.21.1.1; 1.14.14.29; 1.2.1.41; 1.14.14.80; 2.1.2.1; 1.1.1.145; 1.14.13.22; 3.2.1.57,8.0,91.0,99.0,Cc1cccc(C)c1 | CCOc1ccc2ccc(=O)oc2c1 | c1ccc2c(c1)Cc1ccccc1-2 | c1cc2c3c(cccc3c1)CC2 | c1ccc2ccccc2c1 | COc1ccc2ccc(=O)oc2c1 | CCc1ccccc1 | C1=Cc2ccccc2C1,Cc1cccc(C)c1 | CCOc1ccc2ccc(=O)oc2c1 | c1ccc2c(c1)Cc1ccccc1-2,MSASVPASACPVDHAALAGGCPVSTNAAAFDPFGPAYQADPAESLRWSRDEEPVFYSPELGYWVVTRYEDVKAVFRDNLVFSPAIALEKITPVSEEATATLARYDYAMARTLVNEDEPAHMPRRRALMDPFTPKELAHHEAMVRRLTREYVDRFVESGKADLVDEMLWEVPLTVALHFLGVPEEDMATMRKYSIAHTVNTWGRPAPEEQVAVAEAVGRFWQYAGTVLEKMRQDPSGHGWMPYGIRMQQQMPDVVTDSYLHSMMMAGIVAAHETTANASANAFKLLLENRPVWEEICADPSLIPNAVEECLRHSGSVAAWRRVATTDTRIGDVDIPAGAKLLVVNASANHDERHFDRPDEFDIRRPNSSDHLTFGYGSHQCMGKNLARMEMQIFLEELTTRLPHMELVPDQEFTYLPNTSFRGPDHVWVQWDPQANPERTDPAVLQRQHPVTIGEPSTRSVSRTVTVERLDRIVDDVLRVVLRAPAGNALPAWTPGAHIDVDLGALSRQYSLCGAPDAPTYEIAVLLDPESRGGSRYVHEQLRVGGSLRIRGPRNHFALDPDAEHYVFVAGGIGITPVLAMADHARARGWSYELHYCGRNRSGMAYLERVAGHGDRAALHVSAEGTRVDLAALLATPVSGTQIYACGPGRLLAGLEDASRHWPDGALHVEHFTSSLTALDPDVEHAFDLDLRDSGLTVRVEPTQTVLDALRANNIDVPSDCEEGLCGSCEVTVLEGEVDHRDTVLTKAERAANRQMMTCCSRACGDRLTLRL
Q59723,Pseudomonas putida (Arthrobacter siderocapsulatus),303,"cellular organisms (no rank), Bacteria (domain), Pseudomonadati (kingdom), Pseudomonadota (phylum), Gammaproteobacteria (class), Pseudomonadales (order), Pseudomonadaceae (family), Pseudomonas (genus), Pseudomonas putida group (no rank)",Bacteria,Bacteria,False,Cytochrome P450 family,True,1.14.14.84; 1.1.1.85; 1.1.99.31; 1.14.14.41; 1.14.14.33; 2.2.1.12; 1.1.1.211; 1.14.14.9; 1.8.1.4; 1.1.1.1; 1.14.14.81; 1.3.1.94; 1.14.14.1; 1.14.14.137; 2.5.1.15; 1.14.13.27; 1.10.3.2; 1.4.1.20; 1.14.14.44; 1.14.14.86; 1.4.3.4; 1.14.14.126; 1.1.1.206; 1.14.14.25; 1.1.1.12; 7.2.2.10; 4.1.2.47; 1.14.14.26; 1.11.2.2; 3.4.18.1; 1.14.13.22; 1.1.1.37; 4.2.3.121; 1.14.14.115; 1.14.16.2; 1.1.1.25; 1.14.19.4; 1.14.14.102; 1.14.13.8; 1.4.3.1; 3.4.21.35; 1.14.14.162; 1.2.1.48; 1.13.11.3; 1.14.11.65; 3.1.1.23; 3.2.1.14; 1.14.18.1; 3.1.1.14; 1.14.14.B9; 1.14.19.64; 3.2.1.21; 1.2.1.3; 1.14.13.180; 1.11.1.18; 3.1.4.4,3.0,58.0,61.0,C=CC(C)(O)CCC=C(C)C | C/C=C/CCC(C)O | C=CC(C)(O)CC/C=C(\C)CO,C=CC(C)(O)CCC=C(C)C | C/C=C/CCC(C)O | C=CC(C)(O)CC/C=C(\C)CO,MERPDLKNPDLYTQQVPHDIFARLRREEPVYWNPESDGSGFWAVLRHKDIIEVSRQPLLFSSAYENGGHRIFNENEVGLTNAGEAAVGVPFISLDPPVHTQYRKVIMPALSPARLGDIEQRIRVRAEALIERIPLGEEVDLVPLLSAPLPLLTLAELLGLDPDCWYELYNWTNAFVGEDDPEFRKSPEDMAKVLGEFMGFCQELFESRRANPGPDIATLLANAEINGQPVALRDFIGNLTLTLVGGNETTRNSISHTIVTLSQQPDQWDILRQRPELLKTATAEMVRHASPVLHMRRTAMEDTEIGGQAIAKGDKVVLWYASGNRDESVFSDADRFDVTRTGVQHVGFGSGQHVCVGSRLAEMQLRVVFEILSTRVKRFELCSKSRRFRSNFLNGLKNLNVVLVPK
Q83WG3,Streptomyces sp. TP-A0274,171258,"cellular organisms (no rank), Bacteria (domain), Bacillati (kingdom), Actinomycetota (phylum), Actinomycetes (class), Kitasatosporales (order), Streptomycetaceae (family), Streptomyces (genus), unclassified Streptomyces (no rank)",Bacteria,Bacteria,False,,,,,,,,,
Q8VQF6,Citrobacter braakii,57706,"cellular organisms (no rank), Bacteria (domain), Pseudomonadati (kingdom), Pseudomonadota (phylum), Gammaproteobacteria (class), Enterobacterales (order), Enterobacteriaceae (family), Citrobacter (genus), Citrobacter freundii complex (no rank)",Bacteria,Bacteria,False,Cytochrome P450 family,True,1.14.14.133; 1.14.14.21; 1.14.13.22; 2.1.2.1; 3.4.24.15; 1.14.14.137; 4.1.1.7; 1.14.14.91; 5.1.3.7; 1.14.18.2; 1.14.14.99; 1.14.12.22; 1.14.99.61; 1.14.14.155; 1.14.14.158; 3.2.1.8; 1.14.14.1; 1.14.14.82; 1.3.7.2; 1.14.15.4; 1.14.11.15; 1.14.14.92; 4.6.1.19; 1.14.14.87; 1.14.14.9; 1.14.14.148; 1.14.16.2; 1.3.1.32; 1.1.1.B40; 1.1.99.36; 1.1.99.29; 1.4.3.21; 1.1.1.90; 1.14.14.84; 1.14.14.29; 1.14.14.32; 1.14.14.37; 1.14.13.105; 3.1.1.47; 1.14.13.8; 1.14.19.1; 1.14.14.154; 2.7.7.50; 1.14.13.179,3.0,47.0,50.0,CC12CCC(CC1)C(C)(C)O2 | CC1(C)CC2CCC1CC2 | CC12CCC(CC1)C2(C)C,CC12CCC(CC1)C(C)(C)O2 | CC1(C)CC2CCC1CC2 | CC12CCC(CC1)C2(C)C,MTATVASTSLFTTADHYHTPLGPDGTPHAFFEALRDEAETTPIGWSEAYGGHWVVAGYKEIQAVIQNTKAFSNKGVTFPRYETGEFELMMAGQDDPVHKKYRQLVAKPFSPEATDLFTEQLRQSTNDLIDARIELGEGDAATWLANEIPARLTAILLGLPPEDGDTYRRWVWAITHVENPEEGAEIFAELVAHARTLIAERRTNPGNDIMSRVIMSKIDGESLSEDDLIGFFTILLLGGIDNTARFLSSVFWRLAWDIELRRRLIAHPELIPNAVDELLRFYGPAMVGRLVTQEVTVGDITMKPGQTAMLWFPIASRDRSAFDSPDNIVIERTPNRHLSLGHGIHRCLGAHLIRVEARVAITEFLKRIPEFSLDPNKECEWLMGQVAGMLHVPIIFPKGKRLSE
Q9ZAU3,Streptomyces peucetius,1950,"cellular organisms (no rank), Bacteria (domain), Bacillati (kingdom), Actinomycetota (phylum), Actinomycetes (class), Kitasatosporales (order), Streptomycetaceae (family), Streptomyces (genus)",Bacteria,Bacteria,False,Cytochrome P450 family,True,1.14.13.181; 1.14.14.51; 1.14.13.84; 1.14.15.30; 1.5.1.3; 1.11.1.11; 3.5.5.7; 1.14.14.B13; 1.14.20.6; 1.14.13.8; 1.14.19.64; 1.14.18.11; 1.14.13.1; 1.14.13.22; 1.8.1.9; 1.1.99.29; 2.6.1.51; 1.14.11.25; 1.8.5.1; 1.1.1.50,1.0,19.0,20.0,COc1cccc2c1C(=O)c1c(O)c3c(c(O)c1C2=O)C[C@@](O)(C(C)=O)C[C@@H]3O[C@H]1C[C@H](N)[C@H](O)[C@H](C)O1,COc1cccc2c1C(=O)c1c(O)c3c(c(O)c1C2=O)C[C@@](O)(C(C)=O)C[C@@H]3O[C@H]1C[C@H](N)[C@H](O)[C@H](C)O1,MAVDPFACPMMTMQRKPEVHDAFREAGPVVEVNAPAGGPAWVITDDALAREVLADPRFVKDPDLAPAAWRGVDDGLDIPVPELRPFTLIAVDGEAHRRLRRIHAPAFNPRRLAERTDRIAAIAGRLLTELADASGRSGKPAELIGGFAYHFPLLVICELLGVPVTDPAMAREAVSVLKALGLGGPQSGGGDGTDPAGGVPDTSALESLLLEAVHSARRNDTPTMTRVLYERAQAEFGSVSDDQLVYMITGLIFAGHDTTGSFLGFLLAEVLAGRLAADADEDAVSRFVEEALRYHPPVPYTLWRFAATEVTIGGVRLPRGAPVLVDIEGTNTDGRHHDAPHAFHPDRPSWRRLTFGDGPHYCIGEQLAQLESRTMIGVLRSRFPEARLAVPYDELRWCRKGAQTARLTELPVWLR
W6RGX9,Rhizobium favelukesii,348824,"cellular organisms (no rank), Bacteria (domain), Pseudomonadati (kingdom), Pseudomonadota (phylum), Alphaproteobacteria (class), Hyphomicrobiales (order), Rhizobiaceae (family), Rhizobium/Agrobacterium group (no rank), Rhizobium (genus)",Bacteria,Bacteria,False,Cytochrome P450 family,True,1.14.11.15; 1.2.1.3; 3.5.2.19; 2.4.1.81; 1.14.14.11; 3.5.5.1; 2.6.1.42,1.0,6.0,7.0,O=C(O)CCC(=O)C(=O)O,O=C(O)CCC(=O)C(=O)O,MRVENDPSDVIGVSVAPTQLDNLSSAILQQGGMARVSLPGDVVTWAAGGHQTLSRMLSDERFNRDWRQWRALQDGEIPENHPLIEMCKVDNMVTAHGADHRRLRGLLSRSFTPSRIAMLALRIEQCVDRLLAEMAQRGGSADLMSEFAIPLPTNVIAELFGLPDEQREEIVALTYSRANTSATAAEVRQTRQRIPEFFRRLIALKRGQLGDDLASALILARDNGELVSDTELIDMLFMVLSAGFVTTTGVIGNGVLALLTHPQQLHLVRSGQVPWSQAIEEILRWGSAVANLPFRYATQDVEIDGCTVRRGDAVLMAFHAANRDEKAFGPGADRFDVTRRHNPHLSFGKGPHFCLGAALARLELRCTFTALFGRLEDLALTIAAEDVVYMPSYVIRCPQRLPVTFRPSIA
